api,operator,year,month,oil_bbl,gas_mcf,water_bbl,days_produced
42423000010002,ConocoPhillips Company,2024,1,2274,2494,4286,30
42423000010002,ConocoPhillips Company,2024,2,1946,2578,2312,30
42423000010002,ConocoPhillips Company,2024,3,1254,2150,460,30
42423000010002,ConocoPhillips Company,2024,4,767,390,82,30
42423000010002,ConocoPhillips Company,2024,5,460,720,677,30
42423000010002,ConocoPhillips Company,2024,6,214,355,534,30
42423000010002,ConocoPhillips Company,2024,7,78,58,54,30
42423000010002,ConocoPhillips Company,2024,8,30,39,60,30
42423000010002,ConocoPhillips Company,2024,9,11,6,16,30
42423000010002,ConocoPhillips Company,2024,10,3,2,3,30
42423000020002,Occidental Petroleum Corporation,2024,1,2686,3193,2203,30
42423000020002,Occidental Petroleum Corporation,2024,2,1939,1295,4581,30
42423000020002,Occidental Petroleum Corporation,2024,3,1095,1774,1227,30
42423000020002,Occidental Petroleum Corporation,2024,4,507,521,523,30
42423000020002,Occidental Petroleum Corporation,2024,5,204,118,45,30
42423000020002,Occidental Petroleum Corporation,2024,6,65,111,133,30
42423000020002,Occidental Petroleum Corporation,2024,7,17,29,22,30
42423000020002,Occidental Petroleum Corporation,2024,8,4,7,2,30
42423000020002,Occidental Petroleum Corporation,2024,9,0,0,0,0
42423000020002,Occidental Petroleum Corporation,2024,10,0,0,0,0
42423000030001,Permian Resources Operating LLC,2024,1,2738,1470,1516,30
42423000030001,Permian Resources Operating LLC,2024,2,1776,1832,3608,30
42423000030001,Permian Resources Operating LLC,2024,3,1032,1920,133,30
42423000030001,Permian Resources Operating LLC,2024,4,422,524,248,30
42423000030001,Permian Resources Operating LLC,2024,5,133,131,101,30
42423000030001,Permian Resources Operating LLC,2024,6,34,45,5,30
42423000030001,Permian Resources Operating LLC,2024,7,7,8,7,30
42423000030001,Permian Resources Operating LLC,2024,8,1,1,1,30
42423000030001,Permian Resources Operating LLC,2024,9,0,0,0,0
42423000030001,Permian Resources Operating LLC,2024,10,0,0,0,0
42423000040002,ConocoPhillips Company,2024,1,3123,5733,1979,30
42423000040002,ConocoPhillips Company,2024,2,2530,3577,3874,30
42423000040002,ConocoPhillips Company,2024,3,1891,2063,4582,30
42423000040002,ConocoPhillips Company,2024,4,969,780,2331,30
42423000040002,ConocoPhillips Company,2024,5,432,561,189,30
42423000040002,ConocoPhillips Company,2024,6,156,247,145,30
42423000040002,ConocoPhillips Company,2024,7,47,30,60,30
42423000040002,ConocoPhillips Company,2024,8,11,21,9,30
42423000040002,ConocoPhillips Company,2024,9,2,1,2,30
42423000040002,ConocoPhillips Company,2024,10,0,0,0,0
42423000050000,Independence Resources Management LLC,2024,1,1991,1467,3480,30
42423000050000,Independence Resources Management LLC,2024,2,1644,1055,2643,30
42423000050000,Independence Resources Management LLC,2024,3,1005,1801,2451,30
42423000050000,Independence Resources Management LLC,2024,4,585,706,851,30
42423000050000,Independence Resources Management LLC,2024,5,323,351,548,30
42423000050000,Independence Resources Management LLC,2024,6,151,198,56,30
42423000050000,Independence Resources Management LLC,2024,7,53,29,13,30
42423000050000,Independence Resources Management LLC,2024,8,17,29,8,30
42423000050000,Independence Resources Management LLC,2024,9,6,3,4,30
42423000050000,Independence Resources Management LLC,2024,10,1,1,0,30
42423000060000,Parsley Energy Operations LLC,2024,1,1448,988,579,30
42423000060000,Parsley Energy Operations LLC,2024,2,1222,2249,2774,30
42423000060000,Parsley Energy Operations LLC,2024,3,1030,1637,1871,30
42423000060000,Parsley Energy Operations LLC,2024,4,640,334,828,30
42423000060000,Parsley Energy Operations LLC,2024,5,298,410,341,30
42423000060000,Parsley Energy Operations LLC,2024,6,160,186,102,30
42423000060000,Parsley Energy Operations LLC,2024,7,61,121,139,30
42423000060000,Parsley Energy Operations LLC,2024,8,24,24,20,30
42423000060000,Parsley Energy Operations LLC,2024,9,7,13,1,30
42423000060000,Parsley Energy Operations LLC,2024,10,1,1,1,30
42423000070002,Devon Energy Production Company LP,2024,1,1524,3044,1283,30
42423000070002,Devon Energy Production Company LP,2024,2,1049,843,758,30
42423000070002,Devon Energy Production Company LP,2024,3,639,777,920,30
42423000070002,Devon Energy Production Company LP,2024,4,226,308,67,30
42423000070002,Devon Energy Production Company LP,2024,5,75,100,103,30
42423000070002,Devon Energy Production Company LP,2024,6,21,17,49,30
42423000070002,Devon Energy Production Company LP,2024,7,4,2,7,30
42423000070002,Devon Energy Production Company LP,2024,8,0,0,0,0
42423000070002,Devon Energy Production Company LP,2024,9,0,0,0,0
42423000070002,Devon Energy Production Company LP,2024,10,0,0,0,0
42423000080002,Pioneer Natural Resources USA Inc,2024,1,1060,1417,2274,30
42423000080002,Pioneer Natural Resources USA Inc,2024,2,833,1170,1104,30
42423000080002,Pioneer Natural Resources USA Inc,2024,3,577,607,1151,30
42423000080002,Pioneer Natural Resources USA Inc,2024,4,294,323,363,30
42423000080002,Pioneer Natural Resources USA Inc,2024,5,128,84,216,30
42423000080002,Pioneer Natural Resources USA Inc,2024,6,51,85,12,30
42423000080002,Pioneer Natural Resources USA Inc,2024,7,21,19,20,30
42423000080002,Pioneer Natural Resources USA Inc,2024,8,6,3,6,30
42423000080002,Pioneer Natural Resources USA Inc,2024,9,1,0,2,30
42423000080002,Pioneer Natural Resources USA Inc,2024,10,0,0,0,0
42423000090102,Chevron USA Inc,2024,1,3954,4697,7898,30
42423000090102,Chevron USA Inc,2024,2,2823,3912,5997,30
42423000090102,Chevron USA Inc,2024,3,1496,2600,2800,30
42423000090102,Chevron USA Inc,2024,4,596,732,293,30
42423000090102,Chevron USA Inc,2024,5,221,226,326,30
42423000090102,Chevron USA Inc,2024,6,58,49,8,30
42423000090102,Chevron USA Inc,2024,7,12,15,20,30
42423000090102,Chevron USA Inc,2024,8,2,2,4,30
42423000090102,Chevron USA Inc,2024,9,0,0,0,0
42423000090102,Chevron USA Inc,2024,10,0,0,0,0
42423000100102,EOG Resources Inc,2024,1,5362,4643,9853,30
42423000100102,EOG Resources Inc,2024,2,4100,6482,5495,30
42423000100102,EOG Resources Inc,2024,3,2658,4521,5377,30
42423000100102,EOG Resources Inc,2024,4,1103,1763,171,30
42423000100102,EOG Resources Inc,2024,5,387,514,415,30
42423000100102,EOG Resources Inc,2024,6,114,61,106,30
42423000100102,EOG Resources Inc,2024,7,29,20,59,30
42423000100102,EOG Resources Inc,2024,8,5,2,2,30
42423000100102,EOG Resources Inc,2024,9,1,0,2,30
42423000100102,EOG Resources Inc,2024,10,0,0,0,0
42423000110002,Laredo Petroleum Inc,2024,1,2683,4866,5885,30
42423000110002,Laredo Petroleum Inc,2024,2,2626,3382,595,30
42423000110002,Laredo Petroleum Inc,2024,3,1681,1040,985,30
42423000110002,Laredo Petroleum Inc,2024,4,1200,752,2998,30
42423000110002,Laredo Petroleum Inc,2024,5,712,649,250,30
42423000110002,Laredo Petroleum Inc,2024,6,315,445,447,30
42423000110002,Laredo Petroleum Inc,2024,7,148,253,236,30
42423000110002,Laredo Petroleum Inc,2024,8,51,30,14,30
42423000110002,Laredo Petroleum Inc,2024,9,17,18,3,30
42423000110002,Laredo Petroleum Inc,2024,10,6,3,3,30
42423000120002,Marathon Oil Company,2024,1,4119,3369,7930,30
42423000120002,Marathon Oil Company,2024,2,2855,3500,4970,30
42423000120002,Marathon Oil Company,2024,3,1961,3457,4797,30
42423000120002,Marathon Oil Company,2024,4,937,565,1716,30
42423000120002,Marathon Oil Company,2024,5,363,373,122,30
42423000120002,Marathon Oil Company,2024,6,112,204,87,30
42423000120002,Marathon Oil Company,2024,7,38,68,46,30
42423000120002,Marathon Oil Company,2024,8,10,15,8,30
42423000120002,Marathon Oil Company,2024,9,2,2,4,30
42423000120002,Marathon Oil Company,2024,10,0,0,0,0
42423000130000,SM Energy Company,2024,1,1716,2961,3303,30
42423000130000,SM Energy Company,2024,2,1237,2429,796,30
42423000130000,SM Energy Company,2024,3,736,536,1743,30
42423000130000,SM Energy Company,2024,4,299,214,336,30
42423000130000,SM Energy Company,2024,5,112,182,196,30
42423000130000,SM Energy Company,2024,6,34,24,66,30
42423000130000,SM Energy Company,2024,7,7,10,17,30
42423000130000,SM Energy Company,2024,8,1,0,0,30
42423000130000,SM Energy Company,2024,9,0,0,0,0
42423000130000,SM Energy Company,2024,10,0,0,0,0
42423000140000,Pioneer Natural Resources USA Inc,2024,1,4322,8121,7929,30
42423000140000,Pioneer Natural Resources USA Inc,2024,2,3669,5958,3592,30
42423000140000,Pioneer Natural Resources USA Inc,2024,3,2465,3007,3000,30
42423000140000,Pioneer Natural Resources USA Inc,2024,4,1498,2284,262,30
42423000140000,Pioneer Natural Resources USA Inc,2024,5,736,623,1224,30
42423000140000,Pioneer Natural Resources USA Inc,2024,6,341,637,744,30
42423000140000,Pioneer Natural Resources USA Inc,2024,7,126,113,254,30
42423000140000,Pioneer Natural Resources USA Inc,2024,8,34,26,20,30
42423000140000,Pioneer Natural Resources USA Inc,2024,9,11,14,26,30
42423000140000,Pioneer Natural Resources USA Inc,2024,10,2,1,4,30
42423000150001,Occidental Petroleum Corporation,2024,1,1954,2723,3101,30
42423000150001,Occidental Petroleum Corporation,2024,2,1635,1213,1128,30
42423000150001,Occidental Petroleum Corporation,2024,3,1063,1324,1884,30
42423000150001,Occidental Petroleum Corporation,2024,4,651,514,204,30
42423000150001,Occidental Petroleum Corporation,2024,5,292,178,544,30
42423000150001,Occidental Petroleum Corporation,2024,6,140,186,314,30
42423000150001,Occidental Petroleum Corporation,2024,7,48,38,49,30
42423000150001,Occidental Petroleum Corporation,2024,8,20,10,25,30
42423000150001,Occidental Petroleum Corporation,2024,9,6,3,3,30
42423000150001,Occidental Petroleum Corporation,2024,10,1,1,0,30
42423000160000,Pioneer Natural Resources USA Inc,2024,1,3731,1940,3072,30
42423000160000,Pioneer Natural Resources USA Inc,2024,2,2723,1957,5099,30
42423000160000,Pioneer Natural Resources USA Inc,2024,3,1574,2723,3214,30
42423000160000,Pioneer Natural Resources USA Inc,2024,4,710,462,1458,30
42423000160000,Pioneer Natural Resources USA Inc,2024,5,274,314,591,30
42423000160000,Pioneer Natural Resources USA Inc,2024,6,78,46,35,30
42423000160000,Pioneer Natural Resources USA Inc,2024,7,18,22,41,30
42423000160000,Pioneer Natural Resources USA Inc,2024,8,4,5,4,30
42423000160000,Pioneer Natural Resources USA Inc,2024,9,0,0,0,0
42423000160000,Pioneer Natural Resources USA Inc,2024,10,0,0,0,0
42423000170002,Pioneer Natural Resources USA Inc,2024,1,4234,6439,4697,30
42423000170002,Pioneer Natural Resources USA Inc,2024,2,3689,3017,4712,30
42423000170002,Pioneer Natural Resources USA Inc,2024,3,2161,3669,4299,30
42423000170002,Pioneer Natural Resources USA Inc,2024,4,1034,775,897,30
42423000170002,Pioneer Natural Resources USA Inc,2024,5,440,442,626,30
42423000170002,Pioneer Natural Resources USA Inc,2024,6,154,178,290,30
42423000170002,Pioneer Natural Resources USA Inc,2024,7,48,34,20,30
42423000170002,Pioneer Natural Resources USA Inc,2024,8,13,8,29,30
42423000170002,Pioneer Natural Resources USA Inc,2024,9,3,4,2,30
42423000170002,Pioneer Natural Resources USA Inc,2024,10,0,0,0,0
42423000180102,ConocoPhillips Company,2024,1,0,0,0,0
42423000180102,ConocoPhillips Company,2024,2,0,0,0,0
42423000180102,ConocoPhillips Company,2024,3,0,0,0,0
42423000180102,ConocoPhillips Company,2024,4,0,0,0,0
42423000180102,ConocoPhillips Company,2024,5,0,0,0,0
42423000180102,ConocoPhillips Company,2024,6,0,0,0,0
42423000180102,ConocoPhillips Company,2024,7,0,0,0,0
42423000180102,ConocoPhillips Company,2024,8,0,0,0,0
42423000180102,ConocoPhillips Company,2024,9,0,0,0,0
42423000180102,ConocoPhillips Company,2024,10,0,0,0,0
42423000190001,ConocoPhillips Company,2024,1,3939,4399,5151,30
42423000190001,ConocoPhillips Company,2024,2,2727,3174,4891,30
42423000190001,ConocoPhillips Company,2024,3,1727,3238,923,30
42423000190001,ConocoPhillips Company,2024,4,928,558,453,30
42423000190001,ConocoPhillips Company,2024,5,449,382,403,30
42423000190001,ConocoPhillips Company,2024,6,147,192,256,30
42423000190001,ConocoPhillips Company,2024,7,47,62,115,30
42423000190001,ConocoPhillips Company,2024,8,12,17,6,30
42423000190001,ConocoPhillips Company,2024,9,2,3,4,30
42423000190001,ConocoPhillips Company,2024,10,0,0,0,0
42423000200000,Laredo Petroleum Inc,2024,1,4717,6391,8301,30
42423000200000,Laredo Petroleum Inc,2024,2,3770,4648,5839,30
42423000200000,Laredo Petroleum Inc,2024,3,2789,2638,6257,30
42423000200000,Laredo Petroleum Inc,2024,4,1537,2125,2817,30
42423000200000,Laredo Petroleum Inc,2024,5,938,1381,1461,30
42423000200000,Laredo Petroleum Inc,2024,6,380,506,855,30
42423000200000,Laredo Petroleum Inc,2024,7,159,305,27,30
42423000200000,Laredo Petroleum Inc,2024,8,63,65,84,30
42423000200000,Laredo Petroleum Inc,2024,9,21,32,52,30
42423000200000,Laredo Petroleum Inc,2024,10,5,8,8,30
42423000210101,Centennial Resource Production LLC,2024,1,2730,3194,4179,30
42423000210101,Centennial Resource Production LLC,2024,2,2224,3158,2512,30
42423000210101,Centennial Resource Production LLC,2024,3,1933,1985,3795,30
42423000210101,Centennial Resource Production LLC,2024,4,1227,1402,687,30
42423000210101,Centennial Resource Production LLC,2024,5,734,1352,1373,30
42423000210101,Centennial Resource Production LLC,2024,6,348,467,410,30
42423000210101,Centennial Resource Production LLC,2024,7,143,210,185,30
42423000210101,Centennial Resource Production LLC,2024,8,58,83,75,30
42423000210101,Centennial Resource Production LLC,2024,9,22,26,20,30
42423000210101,Centennial Resource Production LLC,2024,10,7,5,8,30
42423000220002,Diamondback E&P LLC,2024,1,2150,1846,5084,30
42423000220002,Diamondback E&P LLC,2024,2,1504,1204,1890,30
42423000220002,Diamondback E&P LLC,2024,3,1043,747,2010,30
42423000220002,Diamondback E&P LLC,2024,4,486,705,1016,30
42423000220002,Diamondback E&P LLC,2024,5,216,395,481,30
42423000220002,Diamondback E&P LLC,2024,6,73,100,113,30
42423000220002,Diamondback E&P LLC,2024,7,19,28,6,30
42423000220002,Diamondback E&P LLC,2024,8,5,4,1,30
42423000220002,Diamondback E&P LLC,2024,9,1,1,0,30
42423000220002,Diamondback E&P LLC,2024,10,0,0,0,0
42423000230000,SM Energy Company,2024,1,2911,3918,7241,30
42423000230000,SM Energy Company,2024,2,2474,4116,4966,30
42423000230000,SM Energy Company,2024,3,1916,1011,631,30
42423000230000,SM Energy Company,2024,4,1115,1165,604,30
42423000230000,SM Energy Company,2024,5,586,770,436,30
42423000230000,SM Energy Company,2024,6,218,143,53,30
42423000230000,SM Energy Company,2024,7,98,158,15,30
42423000230000,SM Energy Company,2024,8,36,23,42,30
42423000230000,SM Energy Company,2024,9,10,5,23,30
42423000230000,SM Energy Company,2024,10,3,1,3,30
42423000240001,Matador Production Company,2024,1,2453,1793,5326,30
42423000240001,Matador Production Company,2024,2,2065,2895,999,30
42423000240001,Matador Production Company,2024,3,1208,1292,2389,30
42423000240001,Matador Production Company,2024,4,666,923,1631,30
42423000240001,Matador Production Company,2024,5,322,527,36,30
42423000240001,Matador Production Company,2024,6,156,148,374,30
42423000240001,Matador Production Company,2024,7,51,28,95,30
42423000240001,Matador Production Company,2024,8,20,23,14,30
42423000240001,Matador Production Company,2024,9,5,4,11,30
42423000240001,Matador Production Company,2024,10,1,1,1,30
42423000250101,Chevron USA Inc,2024,1,5322,6450,8862,30
42423000250101,Chevron USA Inc,2024,2,3926,4361,9578,30
42423000250101,Chevron USA Inc,2024,3,2969,4907,6119,30
42423000250101,Chevron USA Inc,2024,4,1768,1097,709,30
42423000250101,Chevron USA Inc,2024,5,769,1061,1403,30
42423000250101,Chevron USA Inc,2024,6,318,453,333,30
42423000250101,Chevron USA Inc,2024,7,103,121,214,30
42423000250101,Chevron USA Inc,2024,8,37,52,80,30
42423000250101,Chevron USA Inc,2024,9,8,13,13,30
42423000250101,Chevron USA Inc,2024,10,2,2,4,30
42423000260000,Occidental Petroleum Corporation,2024,1,4696,2554,2381,30
42423000260000,Occidental Petroleum Corporation,2024,2,4477,7239,557,30
42423000260000,Occidental Petroleum Corporation,2024,3,2982,5856,6899,30
42423000260000,Occidental Petroleum Corporation,2024,4,1788,2962,4297,30
42423000260000,Occidental Petroleum Corporation,2024,5,876,745,1338,30
42423000260000,Occidental Petroleum Corporation,2024,6,371,311,202,30
42423000260000,Occidental Petroleum Corporation,2024,7,173,114,392,30
42423000260000,Occidental Petroleum Corporation,2024,8,64,71,141,30
42423000260000,Occidental Petroleum Corporation,2024,9,19,18,30,30
42423000260000,Occidental Petroleum Corporation,2024,10,5,5,3,30
42423000270002,Independence Resources Management LLC,2024,1,1089,676,405,30
42423000270002,Independence Resources Management LLC,2024,2,735,1464,472,30
42423000270002,Independence Resources Management LLC,2024,3,445,529,347,30
42423000270002,Independence Resources Management LLC,2024,4,258,508,448,30
42423000270002,Independence Resources Management LLC,2024,5,91,51,58,30
42423000270002,Independence Resources Management LLC,2024,6,29,38,43,30
42423000270002,Independence Resources Management LLC,2024,7,8,13,16,30
42423000270002,Independence Resources Management LLC,2024,8,2,2,3,30
42423000270002,Independence Resources Management LLC,2024,9,0,0,0,0
42423000270002,Independence Resources Management LLC,2024,10,0,0,0,0
42423000280002,ConocoPhillips Company,2024,1,2295,2412,4375,30
42423000280002,ConocoPhillips Company,2024,2,1720,1178,839,30
42423000280002,ConocoPhillips Company,2024,3,1372,2314,326,30
42423000280002,ConocoPhillips Company,2024,4,700,827,1332,30
42423000280002,ConocoPhillips Company,2024,5,410,534,349,30
42423000280002,ConocoPhillips Company,2024,6,196,343,302,30
42423000280002,ConocoPhillips Company,2024,7,85,65,202,30
42423000280002,ConocoPhillips Company,2024,8,27,20,11,30
42423000280002,ConocoPhillips Company,2024,9,9,13,9,30
42423000280002,ConocoPhillips Company,2024,10,3,1,3,30
42423000290000,EOG Resources Inc,2024,1,2537,2207,2661,30
42423000290000,EOG Resources Inc,2024,2,2036,1333,3638,30
42423000290000,EOG Resources Inc,2024,3,1402,987,1760,30
42423000290000,EOG Resources Inc,2024,4,622,606,1140,30
42423000290000,EOG Resources Inc,2024,5,239,182,565,30
42423000290000,EOG Resources Inc,2024,6,81,85,100,30
42423000290000,EOG Resources Inc,2024,7,23,18,39,30
42423000290000,EOG Resources Inc,2024,8,5,7,8,30
42423000290000,EOG Resources Inc,2024,9,1,1,0,30
42423000290000,EOG Resources Inc,2024,10,0,0,0,0
42423000300002,Laredo Petroleum Inc,2024,1,2593,2310,1293,30
42423000300002,Laredo Petroleum Inc,2024,2,2105,1507,527,30
42423000300002,Laredo Petroleum Inc,2024,3,1088,2083,710,30
42423000300002,Laredo Petroleum Inc,2024,4,593,699,564,30
42423000300002,Laredo Petroleum Inc,2024,5,219,251,71,30
42423000300002,Laredo Petroleum Inc,2024,6,83,77,151,30
42423000300002,Laredo Petroleum Inc,2024,7,23,18,7,30
42423000300002,Laredo Petroleum Inc,2024,8,5,9,1,30
42423000300002,Laredo Petroleum Inc,2024,9,1,0,1,30
42423000300002,Laredo Petroleum Inc,2024,10,0,0,0,0
42423000310000,Diamondback E&P LLC,2024,1,4954,8847,9982,30
42423000310000,Diamondback E&P LLC,2024,2,4221,4887,7517,30
42423000310000,Diamondback E&P LLC,2024,3,2486,3990,4969,30
42423000310000,Diamondback E&P LLC,2024,4,1516,2590,807,30
42423000310000,Diamondback E&P LLC,2024,5,641,330,529,30
42423000310000,Diamondback E&P LLC,2024,6,249,401,313,30
42423000310000,Diamondback E&P LLC,2024,7,103,60,116,30
42423000310000,Diamondback E&P LLC,2024,8,29,52,29,30
42423000310000,Diamondback E&P LLC,2024,9,7,11,4,30
42423000310000,Diamondback E&P LLC,2024,10,2,1,4,30
42423000320001,Diamondback E&P LLC,2024,1,0,0,0,0
42423000320001,Diamondback E&P LLC,2024,2,0,0,0,0
42423000320001,Diamondback E&P LLC,2024,3,0,0,0,0
42423000320001,Diamondback E&P LLC,2024,4,0,0,0,0
42423000320001,Diamondback E&P LLC,2024,5,0,0,0,0
42423000320001,Diamondback E&P LLC,2024,6,0,0,0,0
42423000320001,Diamondback E&P LLC,2024,7,0,0,0,0
42423000320001,Diamondback E&P LLC,2024,8,0,0,0,0
42423000320001,Diamondback E&P LLC,2024,9,0,0,0,0
42423000320001,Diamondback E&P LLC,2024,10,0,0,0,0
42423000330100,Chevron USA Inc,2024,1,2314,2024,2189,30
42423000330100,Chevron USA Inc,2024,2,1766,3282,4134,30
42423000330100,Chevron USA Inc,2024,3,1215,1615,611,30
42423000330100,Chevron USA Inc,2024,4,765,852,897,30
42423000330100,Chevron USA Inc,2024,5,356,580,386,30
42423000330100,Chevron USA Inc,2024,6,163,278,313,30
42423000330100,Chevron USA Inc,2024,7,59,51,97,30
42423000330100,Chevron USA Inc,2024,8,24,16,51,30
42423000330100,Chevron USA Inc,2024,9,6,5,12,30
42423000330100,Chevron USA Inc,2024,10,1,1,2,30
42423000340001,Chevron USA Inc,2024,1,2160,2594,4508,30
42423000340001,Chevron USA Inc,2024,2,1715,1041,4134,30
42423000340001,Chevron USA Inc,2024,3,1195,1480,1353,30
42423000340001,Chevron USA Inc,2024,4,668,587,173,30
42423000340001,Chevron USA Inc,2024,5,371,401,613,30
42423000340001,Chevron USA Inc,2024,6,153,82,278,30
42423000340001,Chevron USA Inc,2024,7,56,98,15,30
42423000340001,Chevron USA Inc,2024,8,21,14,31,30
42423000340001,Chevron USA Inc,2024,9,6,6,5,30
42423000340001,Chevron USA Inc,2024,10,2,1,2,30
42423000350002,Laredo Petroleum Inc,2024,1,2711,3575,2099,30
42423000350002,Laredo Petroleum Inc,2024,2,2541,1847,5885,30
42423000350002,Laredo Petroleum Inc,2024,3,1762,2389,3690,30
42423000350002,Laredo Petroleum Inc,2024,4,1019,623,1261,30
42423000350002,Laredo Petroleum Inc,2024,5,564,785,1234,30
42423000350002,Laredo Petroleum Inc,2024,6,328,426,254,30
42423000350002,Laredo Petroleum Inc,2024,7,140,273,190,30
42423000350002,Laredo Petroleum Inc,2024,8,46,56,5,30
42423000350002,Laredo Petroleum Inc,2024,9,17,28,14,30
42423000350002,Laredo Petroleum Inc,2024,10,4,5,2,30
42423000360102,Callon Petroleum Operating Company,2024,1,2705,5299,875,30
42423000360102,Callon Petroleum Operating Company,2024,2,2203,3064,1804,30
42423000360102,Callon Petroleum Operating Company,2024,3,1412,1283,2565,30
42423000360102,Callon Petroleum Operating Company,2024,4,920,1192,862,30
42423000360102,Callon Petroleum Operating Company,2024,5,420,457,159,30
42423000360102,Callon Petroleum Operating Company,2024,6,164,147,197,30
42423000360102,Callon Petroleum Operating Company,2024,7,49,71,60,30
42423000360102,Callon Petroleum Operating Company,2024,8,16,20,21,30
42423000360102,Callon Petroleum Operating Company,2024,9,4,5,9,30
42423000360102,Callon Petroleum Operating Company,2024,10,0,0,0,0
42423000370001,Laredo Petroleum Inc,2024,1,2939,4443,4665,30
42423000370001,Laredo Petroleum Inc,2024,2,2135,3535,1180,30
42423000370001,Laredo Petroleum Inc,2024,3,1243,1383,2204,30
42423000370001,Laredo Petroleum Inc,2024,4,557,325,1235,30
42423000370001,Laredo Petroleum Inc,2024,5,190,206,274,30
42423000370001,Laredo Petroleum Inc,2024,6,61,86,51,30
42423000370001,Laredo Petroleum Inc,2024,7,13,13,3,30
42423000370001,Laredo Petroleum Inc,2024,8,3,4,1,30
42423000370001,Laredo Petroleum Inc,2024,9,0,0,0,0
42423000370001,Laredo Petroleum Inc,2024,10,0,0,0,0
42423000380102,Apache Corporation,2024,1,5496,5908,9627,30
42423000380102,Apache Corporation,2024,2,3521,3006,2024,30
42423000380102,Apache Corporation,2024,3,2201,3054,4097,30
42423000380102,Apache Corporation,2024,4,1008,1053,253,30
42423000380102,Apache Corporation,2024,5,402,210,984,30
42423000380102,Apache Corporation,2024,6,133,67,203,30
42423000380102,Apache Corporation,2024,7,33,31,42,30
42423000380102,Apache Corporation,2024,8,8,9,12,30
42423000380102,Apache Corporation,2024,9,1,1,1,30
42423000380102,Apache Corporation,2024,10,0,0,0,0
42423000390001,Devon Energy Production Company LP,2024,1,4919,6591,9193,30
42423000390001,Devon Energy Production Company LP,2024,2,3931,4328,2488,30
42423000390001,Devon Energy Production Company LP,2024,3,2035,3121,4873,30
42423000390001,Devon Energy Production Company LP,2024,4,1188,1865,865,30
42423000390001,Devon Energy Production Company LP,2024,5,472,440,564,30
42423000390001,Devon Energy Production Company LP,2024,6,156,204,288,30
42423000390001,Devon Energy Production Company LP,2024,7,55,36,77,30
42423000390001,Devon Energy Production Company LP,2024,8,13,18,27,30
42423000390001,Devon Energy Production Company LP,2024,9,3,3,6,30
42423000390001,Devon Energy Production Company LP,2024,10,0,0,0,0
42423000400102,Parsley Energy Operations LLC,2024,1,5158,8608,931,30
42423000400102,Parsley Energy Operations LLC,2024,2,4831,3004,2212,30
42423000400102,Parsley Energy Operations LLC,2024,3,3506,5164,8129,30
42423000400102,Parsley Energy Operations LLC,2024,4,2182,1835,3239,30
42423000400102,Parsley Energy Operations LLC,2024,5,1130,819,143,30
42423000400102,Parsley Energy Operations LLC,2024,6,557,867,467,30
42423000400102,Parsley Energy Operations LLC,2024,7,272,158,482,30
42423000400102,Parsley Energy Operations LLC,2024,8,107,195,226,30
42423000400102,Parsley Energy Operations LLC,2024,9,42,69,43,30
42423000400102,Parsley Energy Operations LLC,2024,10,14,15,34,30
42423000410000,Callon Petroleum Operating Company,2024,1,2841,1548,5857,30
42423000410000,Callon Petroleum Operating Company,2024,2,1988,2910,3542,30
42423000410000,Callon Petroleum Operating Company,2024,3,1294,965,1831,30
42423000410000,Callon Petroleum Operating Company,2024,4,692,537,373,30
42423000410000,Callon Petroleum Operating Company,2024,5,316,276,350,30
42423000410000,Callon Petroleum Operating Company,2024,6,119,175,272,30
42423000410000,Callon Petroleum Operating Company,2024,7,35,63,27,30
42423000410000,Callon Petroleum Operating Company,2024,8,9,5,14,30
42423000410000,Callon Petroleum Operating Company,2024,9,2,3,2,30
42423000410000,Callon Petroleum Operating Company,2024,10,0,0,0,0
42423000420002,Independence Resources Management LLC,2024,1,3067,4695,5871,30
42423000420002,Independence Resources Management LLC,2024,2,2188,2883,345,30
42423000420002,Independence Resources Management LLC,2024,3,1692,1935,3413,30
42423000420002,Independence Resources Management LLC,2024,4,977,1763,854,30
42423000420002,Independence Resources Management LLC,2024,5,544,295,1156,30
42423000420002,Independence Resources Management LLC,2024,6,250,451,206,30
42423000420002,Independence Resources Management LLC,2024,7,116,90,50,30
42423000420002,Independence Resources Management LLC,2024,8,42,31,74,30
42423000420002,Independence Resources Management LLC,2024,9,14,8,10,30
42423000420002,Independence Resources Management LLC,2024,10,4,6,4,30
42423000430100,Permian Resources Operating LLC,2024,1,1542,1375,3645,30
42423000430100,Permian Resources Operating LLC,2024,2,1311,2212,1960,30
42423000430100,Permian Resources Operating LLC,2024,3,805,1241,1702,30
42423000430100,Permian Resources Operating LLC,2024,4,418,277,716,30
42423000430100,Permian Resources Operating LLC,2024,5,190,315,391,30
42423000430100,Permian Resources Operating LLC,2024,6,86,71,109,30
42423000430100,Permian Resources Operating LLC,2024,7,28,46,13,30
42423000430100,Permian Resources Operating LLC,2024,8,9,17,7,30
42423000430100,Permian Resources Operating LLC,2024,9,2,1,3,30
42423000430100,Permian Resources Operating LLC,2024,10,0,0,0,0
42423000440001,ConocoPhillips Company,2024,1,4492,3045,7721,30
42423000440001,ConocoPhillips Company,2024,2,3082,3038,7391,30
42423000440001,ConocoPhillips Company,2024,3,1828,2045,3197,30
42423000440001,ConocoPhillips Company,2024,4,914,1654,1410,30
42423000440001,ConocoPhillips Company,2024,5,359,193,133,30
42423000440001,ConocoPhillips Company,2024,6,115,141,225,30
42423000440001,ConocoPhillips Company,2024,7,38,66,93,30
42423000440001,ConocoPhillips Company,2024,8,9,12,1,30
42423000440001,ConocoPhillips Company,2024,9,2,2,3,30
42423000440001,ConocoPhillips Company,2024,10,0,0,0,0
42423000450102,Cimarex Energy Company,2024,1,5090,9772,8795,30
42423000450102,Cimarex Energy Company,2024,2,3705,2423,4513,30
42423000450102,Cimarex Energy Company,2024,3,2834,4542,1042,30
42423000450102,Cimarex Energy Company,2024,4,1308,1916,1706,30
42423000450102,Cimarex Energy Company,2024,5,674,344,692,30
42423000450102,Cimarex Energy Company,2024,6,249,316,594,30
42423000450102,Cimarex Energy Company,2024,7,74,78,125,30
42423000450102,Cimarex Energy Company,2024,8,23,43,8,30
42423000450102,Cimarex Energy Company,2024,9,5,9,6,30
42423000450102,Cimarex Energy Company,2024,10,1,0,0,30
42423000460000,Marathon Oil Company,2024,1,2462,3308,3973,30
42423000460000,Marathon Oil Company,2024,2,2111,1239,2472,30
42423000460000,Marathon Oil Company,2024,3,1149,687,676,30
42423000460000,Marathon Oil Company,2024,4,520,806,837,30
42423000460000,Marathon Oil Company,2024,5,197,111,264,30
42423000460000,Marathon Oil Company,2024,6,68,43,80,30
42423000460000,Marathon Oil Company,2024,7,17,22,7,30
42423000460000,Marathon Oil Company,2024,8,4,3,6,30
42423000460000,Marathon Oil Company,2024,9,1,1,1,30
42423000460000,Marathon Oil Company,2024,10,0,0,0,0
42423000470000,Concho Resources Inc,2024,1,4323,4599,1353,30
42423000470000,Concho Resources Inc,2024,2,3048,4139,4253,30
42423000470000,Concho Resources Inc,2024,3,1532,2092,3598,30
42423000470000,Concho Resources Inc,2024,4,717,1364,265,30
42423000470000,Concho Resources Inc,2024,5,285,492,633,30
42423000470000,Concho Resources Inc,2024,6,88,113,190,30
42423000470000,Concho Resources Inc,2024,7,21,17,42,30
42423000470000,Concho Resources Inc,2024,8,4,5,4,30
42423000470000,Concho Resources Inc,2024,9,0,0,0,0
42423000470000,Concho Resources Inc,2024,10,0,0,0,0
42423000480001,Matador Production Company,2024,1,1057,925,1734,30
42423000480001,Matador Production Company,2024,2,776,918,1936,30
42423000480001,Matador Production Company,2024,3,620,1173,1284,30
42423000480001,Matador Production Company,2024,4,312,465,705,30
42423000480001,Matador Production Company,2024,5,177,117,93,30
42423000480001,Matador Production Company,2024,6,66,72,134,30
42423000480001,Matador Production Company,2024,7,24,44,10,30
42423000480001,Matador Production Company,2024,8,7,5,11,30
42423000480001,Matador Production Company,2024,9,2,2,1,30
42423000480001,Matador Production Company,2024,10,0,0,0,0
42423000490001,Permian Resources Operating LLC,2024,1,2125,3015,216,30
42423000490001,Permian Resources Operating LLC,2024,2,1435,1579,977,30
42423000490001,Permian Resources Operating LLC,2024,3,886,1019,371,30
42423000490001,Permian Resources Operating LLC,2024,4,358,684,300,30
42423000490001,Permian Resources Operating LLC,2024,5,127,154,120,30
42423000490001,Permian Resources Operating LLC,2024,6,37,71,71,30
42423000490001,Permian Resources Operating LLC,2024,7,8,8,10,30
42423000490001,Permian Resources Operating LLC,2024,8,1,0,1,30
42423000490001,Permian Resources Operating LLC,2024,9,0,0,0,0
42423000490001,Permian Resources Operating LLC,2024,10,0,0,0,0
42423000500000,Pioneer Natural Resources USA Inc,2024,1,2932,3931,1364,30
42423000500000,Pioneer Natural Resources USA Inc,2024,2,2016,1822,4849,30
42423000500000,Pioneer Natural Resources USA Inc,2024,3,1055,1025,1188,30
42423000500000,Pioneer Natural Resources USA Inc,2024,4,489,625,522,30
42423000500000,Pioneer Natural Resources USA Inc,2024,5,188,272,291,30
42423000500000,Pioneer Natural Resources USA Inc,2024,6,52,92,126,30
42423000500000,Pioneer Natural Resources USA Inc,2024,7,12,16,9,30
42423000500000,Pioneer Natural Resources USA Inc,2024,8,2,1,0,30
42423000500000,Pioneer Natural Resources USA Inc,2024,9,0,0,0,0
42423000500000,Pioneer Natural Resources USA Inc,2024,10,0,0,0,0
42423000510000,Centennial Resource Production LLC,2024,1,2447,4145,2641,30
42423000510000,Centennial Resource Production LLC,2024,2,1975,1751,4428,30
42423000510000,Centennial Resource Production LLC,2024,3,1356,1724,2121,30
42423000510000,Centennial Resource Production LLC,2024,4,885,1511,2018,30
42423000510000,Centennial Resource Production LLC,2024,5,497,859,833,30
42423000510000,Centennial Resource Production LLC,2024,6,206,168,311,30
42423000510000,Centennial Resource Production LLC,2024,7,93,161,185,30
42423000510000,Centennial Resource Production LLC,2024,8,32,51,22,30
42423000510000,Centennial Resource Production LLC,2024,9,11,12,20,30
42423000510000,Centennial Resource Production LLC,2024,10,3,4,6,30
42423000520000,Endeavor Energy Resources LP,2024,1,3145,5488,6451,30
42423000520000,Endeavor Energy Resources LP,2024,2,2349,1632,2080,30
42423000520000,Endeavor Energy Resources LP,2024,3,1608,2789,2197,30
42423000520000,Endeavor Energy Resources LP,2024,4,715,634,1746,30
42423000520000,Endeavor Energy Resources LP,2024,5,320,552,97,30
42423000520000,Endeavor Energy Resources LP,2024,6,123,93,131,30
42423000520000,Endeavor Energy Resources LP,2024,7,39,21,4,30
42423000520000,Endeavor Energy Resources LP,2024,8,11,6,8,30
42423000520000,Endeavor Energy Resources LP,2024,9,3,1,4,30
42423000520000,Endeavor Energy Resources LP,2024,10,0,0,0,0
42423000530000,ConocoPhillips Company,2024,1,3176,2915,4255,30
42423000530000,ConocoPhillips Company,2024,2,3107,5210,4007,30
42423000530000,ConocoPhillips Company,2024,3,2231,1809,5048,30
42423000530000,ConocoPhillips Company,2024,4,1388,2238,1704,30
42423000530000,ConocoPhillips Company,2024,5,802,454,1218,30
42423000530000,ConocoPhillips Company,2024,6,398,639,455,30
42423000530000,ConocoPhillips Company,2024,7,172,201,360,30
42423000530000,ConocoPhillips Company,2024,8,67,86,54,30
42423000530000,ConocoPhillips Company,2024,9,23,42,54,30
42423000530000,ConocoPhillips Company,2024,10,7,5,5,30
42423000540102,Apache Corporation,2024,1,890,920,1282,30
42423000540102,Apache Corporation,2024,2,747,1322,793,30
42423000540102,Apache Corporation,2024,3,526,875,1239,30
42423000540102,Apache Corporation,2024,4,299,483,690,30
42423000540102,Apache Corporation,2024,5,160,91,265,30
42423000540102,Apache Corporation,2024,6,69,86,73,30
42423000540102,Apache Corporation,2024,7,26,19,57,30
42423000540102,Apache Corporation,2024,8,9,6,11,30
42423000540102,Apache Corporation,2024,9,3,3,2,30
42423000540102,Apache Corporation,2024,10,0,0,0,0
42423000550001,Apache Corporation,2024,1,3555,4013,4542,30
42423000550001,Apache Corporation,2024,2,2943,2195,5314,30
42423000550001,Apache Corporation,2024,3,2050,2359,1314,30
42423000550001,Apache Corporation,2024,4,1108,717,1856,30
42423000550001,Apache Corporation,2024,5,527,783,888,30
42423000550001,Apache Corporation,2024,6,222,254,475,30
42423000550001,Apache Corporation,2024,7,68,47,8,30
42423000550001,Apache Corporation,2024,8,23,34,29,30
42423000550001,Apache Corporation,2024,9,5,4,8,30
42423000550001,Apache Corporation,2024,10,1,0,1,30
42423000560001,Callon Petroleum Operating Company,2024,1,3462,3101,2090,30
42423000560001,Callon Petroleum Operating Company,2024,2,2639,1535,1466,30
42423000560001,Callon Petroleum Operating Company,2024,3,1911,3818,1034,30
42423000560001,Callon Petroleum Operating Company,2024,4,1434,1578,3074,30
42423000560001,Callon Petroleum Operating Company,2024,5,859,974,652,30
42423000560001,Callon Petroleum Operating Company,2024,6,442,626,348,30
42423000560001,Callon Petroleum Operating Company,2024,7,203,354,20,30
42423000560001,Callon Petroleum Operating Company,2024,8,89,93,114,30
42423000560001,Callon Petroleum Operating Company,2024,9,34,18,39,30
42423000560001,Callon Petroleum Operating Company,2024,10,12,19,13,30
42423000570101,SM Energy Company,2024,1,1836,3012,3943,30
42423000570101,SM Energy Company,2024,2,1131,1392,356,30
42423000570101,SM Energy Company,2024,3,769,1478,517,30
42423000570101,SM Energy Company,2024,4,318,587,158,30
42423000570101,SM Energy Company,2024,5,106,169,161,30
42423000570101,SM Energy Company,2024,6,35,23,26,30
42423000570101,SM Energy Company,2024,7,7,8,3,30
42423000570101,SM Energy Company,2024,8,1,1,0,30
42423000570101,SM Energy Company,2024,9,0,0,0,0
42423000570101,SM Energy Company,2024,10,0,0,0,0
42423000580101,Parsley Energy Operations LLC,2024,1,3547,2114,5859,30
42423000580101,Parsley Energy Operations LLC,2024,2,2626,3854,279,30
42423000580101,Parsley Energy Operations LLC,2024,3,1977,2141,251,30
42423000580101,Parsley Energy Operations LLC,2024,4,1022,1025,2290,30
42423000580101,Parsley Energy Operations LLC,2024,5,561,294,1021,30
42423000580101,Parsley Energy Operations LLC,2024,6,241,277,540,30
42423000580101,Parsley Energy Operations LLC,2024,7,94,69,131,30
42423000580101,Parsley Energy Operations LLC,2024,8,30,16,74,30
42423000580101,Parsley Energy Operations LLC,2024,9,10,10,15,30
42423000580101,Parsley Energy Operations LLC,2024,10,3,5,4,30
42423000590002,Marathon Oil Company,2024,1,2664,2850,4283,30
42423000590002,Marathon Oil Company,2024,2,2187,4199,4122,30
42423000590002,Marathon Oil Company,2024,3,1541,2852,1799,30
42423000590002,Marathon Oil Company,2024,4,1166,1872,151,30
42423000590002,Marathon Oil Company,2024,5,644,838,561,30
42423000590002,Marathon Oil Company,2024,6,299,521,530,30
42423000590002,Marathon Oil Company,2024,7,142,97,345,30
42423000590002,Marathon Oil Company,2024,8,65,83,50,30
42423000590002,Marathon Oil Company,2024,9,23,32,41,30
42423000590002,Marathon Oil Company,2024,10,8,7,17,30
42423000600100,Chevron USA Inc,2024,1,3342,5129,6107,30
42423000600100,Chevron USA Inc,2024,2,2546,4427,3666,30
42423000600100,Chevron USA Inc,2024,3,1657,972,2538,30
42423000600100,Chevron USA Inc,2024,4,887,518,2172,30
42423000600100,Chevron USA Inc,2024,5,398,782,152,30
42423000600100,Chevron USA Inc,2024,6,192,370,302,30
42423000600100,Chevron USA Inc,2024,7,66,106,139,30
42423000600100,Chevron USA Inc,2024,8,19,36,30,30
42423000600100,Chevron USA Inc,2024,9,5,5,10,30
42423000600100,Chevron USA Inc,2024,10,1,0,0,30
42423000610102,Matador Production Company,2024,1,2096,2999,4227,30
42423000610102,Matador Production Company,2024,2,1563,2932,3861,30
42423000610102,Matador Production Company,2024,3,890,712,127,30
42423000610102,Matador Production Company,2024,4,378,363,582,30
42423000610102,Matador Production Company,2024,5,146,213,252,30
42423000610102,Matador Production Company,2024,6,37,54,46,30
42423000610102,Matador Production Company,2024,7,9,9,8,30
42423000610102,Matador Production Company,2024,8,1,1,0,30
42423000610102,Matador Production Company,2024,9,0,0,0,0
42423000610102,Matador Production Company,2024,10,0,0,0,0
42423000620000,Chevron USA Inc,2024,1,2727,3640,1138,30
42423000620000,Chevron USA Inc,2024,2,1813,2418,963,30
42423000620000,Chevron USA Inc,2024,3,1088,1271,1944,30
42423000620000,Chevron USA Inc,2024,4,466,782,467,30
42423000620000,Chevron USA Inc,2024,5,147,74,142,30
42423000620000,Chevron USA Inc,2024,6,40,21,17,30
42423000620000,Chevron USA Inc,2024,7,8,10,2,30
42423000620000,Chevron USA Inc,2024,8,1,1,0,30
42423000620000,Chevron USA Inc,2024,9,0,0,0,0
42423000620000,Chevron USA Inc,2024,10,0,0,0,0
42423000630001,ConocoPhillips Company,2024,1,783,531,1294,30
42423000630001,ConocoPhillips Company,2024,2,716,986,528,30
42423000630001,ConocoPhillips Company,2024,3,463,238,739,30
42423000630001,ConocoPhillips Company,2024,4,258,439,100,30
42423000630001,ConocoPhillips Company,2024,5,145,136,218,30
42423000630001,ConocoPhillips Company,2024,6,66,113,25,30
42423000630001,ConocoPhillips Company,2024,7,24,20,5,30
42423000630001,ConocoPhillips Company,2024,8,8,7,13,30
42423000630001,ConocoPhillips Company,2024,9,3,2,2,30
42423000630001,ConocoPhillips Company,2024,10,0,0,0,0
42423000640002,Diamondback E&P LLC,2024,1,3548,5648,4019,30
42423000640002,Diamondback E&P LLC,2024,2,2886,2227,6266,30
42423000640002,Diamondback E&P LLC,2024,3,2148,3112,2013,30
42423000640002,Diamondback E&P LLC,2024,4,1276,1925,2989,30
42423000640002,Diamondback E&P LLC,2024,5,789,1462,688,30
42423000640002,Diamondback E&P LLC,2024,6,375,397,920,30
42423000640002,Diamondback E&P LLC,2024,7,178,304,424,30
42423000640002,Diamondback E&P LLC,2024,8,75,44,64,30
42423000640002,Diamondback E&P LLC,2024,9,23,37,55,30
42423000640002,Diamondback E&P LLC,2024,10,9,9,15,30
42423000650001,EOG Resources Inc,2024,1,2534,3372,1207,30
42423000650001,EOG Resources Inc,2024,2,1897,1599,2908,30
42423000650001,EOG Resources Inc,2024,3,1458,2776,1443,30
42423000650001,EOG Resources Inc,2024,4,853,641,1095,30
42423000650001,EOG Resources Inc,2024,5,470,711,106,30
42423000650001,EOG Resources Inc,2024,6,212,409,228,30
42423000650001,EOG Resources Inc,2024,7,82,42,54,30
42423000650001,EOG Resources Inc,2024,8,33,44,11,30
42423000650001,EOG Resources Inc,2024,9,9,12,19,30
42423000650001,EOG Resources Inc,2024,10,2,2,2,30
42423000660002,Matador Production Company,2024,1,1323,1199,2294,30
42423000660002,Matador Production Company,2024,2,1122,715,1300,30
42423000660002,Matador Production Company,2024,3,820,1550,1510,30
42423000660002,Matador Production Company,2024,4,383,261,427,30
42423000660002,Matador Production Company,2024,5,192,132,164,30
42423000660002,Matador Production Company,2024,6,92,56,85,30
42423000660002,Matador Production Company,2024,7,29,40,42,30
42423000660002,Matador Production Company,2024,8,10,12,4,30
42423000660002,Matador Production Company,2024,9,2,2,1,30
42423000660002,Matador Production Company,2024,10,0,0,0,0
42423000670002,Apache Corporation,2024,1,2723,3926,1076,30
42423000670002,Apache Corporation,2024,2,2169,1438,4165,30
42423000670002,Apache Corporation,2024,3,1607,2529,2618,30
42423000670002,Apache Corporation,2024,4,811,1287,855,30
42423000670002,Apache Corporation,2024,5,422,470,900,30
42423000670002,Apache Corporation,2024,6,158,209,236,30
42423000670002,Apache Corporation,2024,7,61,84,54,30
42423000670002,Apache Corporation,2024,8,18,13,25,30
42423000670002,Apache Corporation,2024,9,4,3,8,30
42423000670002,Apache Corporation,2024,10,0,0,0,0
42423000680001,Devon Energy Production Company LP,2024,1,2281,2379,1565,30
42423000680001,Devon Energy Production Company LP,2024,2,1574,805,3201,30
42423000680001,Devon Energy Production Company LP,2024,3,986,695,1432,30
42423000680001,Devon Energy Production Company LP,2024,4,523,436,84,30
42423000680001,Devon Energy Production Company LP,2024,5,225,278,256,30
42423000680001,Devon Energy Production Company LP,2024,6,79,78,49,30
42423000680001,Devon Energy Production Company LP,2024,7,22,17,38,30
42423000680001,Devon Energy Production Company LP,2024,8,5,8,8,30
42423000680001,Devon Energy Production Company LP,2024,9,1,0,1,30
42423000680001,Devon Energy Production Company LP,2024,10,0,0,0,0
42423000690002,Apache Corporation,2024,1,3831,3210,4422,30
42423000690002,Apache Corporation,2024,2,2808,2763,4472,30
42423000690002,Apache Corporation,2024,3,2132,4161,1029,30
42423000690002,Apache Corporation,2024,4,1289,2547,1783,30
42423000690002,Apache Corporation,2024,5,688,820,1144,30
42423000690002,Apache Corporation,2024,6,315,187,134,30
42423000690002,Apache Corporation,2024,7,119,226,63,30
42423000690002,Apache Corporation,2024,8,45,75,14,30
42423000690002,Apache Corporation,2024,9,15,28,37,30
42423000690002,Apache Corporation,2024,10,4,2,4,30
42423000700000,Diamondback E&P LLC,2024,1,2101,2430,4556,30
42423000700000,Diamondback E&P LLC,2024,2,1715,2009,3640,30
42423000700000,Diamondback E&P LLC,2024,3,1226,2345,1129,30
42423000700000,Diamondback E&P LLC,2024,4,793,1027,188,30
42423000700000,Diamondback E&P LLC,2024,5,410,576,359,30
42423000700000,Diamondback E&P LLC,2024,6,185,307,324,30
42423000700000,Diamondback E&P LLC,2024,7,80,141,21,30
42423000700000,Diamondback E&P LLC,2024,8,24,39,57,30
42423000700000,Diamondback E&P LLC,2024,9,9,6,1,30
42423000700000,Diamondback E&P LLC,2024,10,2,3,4,30
42423000710100,Centennial Resource Production LLC,2024,1,3430,6811,4510,30
42423000710100,Centennial Resource Production LLC,2024,2,2316,1317,5539,30
42423000710100,Centennial Resource Production LLC,2024,3,1299,1717,3024,30
42423000710100,Centennial Resource Production LLC,2024,4,556,1109,693,30
42423000710100,Centennial Resource Production LLC,2024,5,186,261,20,30
42423000710100,Centennial Resource Production LLC,2024,6,45,73,43,30
42423000710100,Centennial Resource Production LLC,2024,7,9,8,9,30
42423000710100,Centennial Resource Production LLC,2024,8,1,0,0,30
42423000710100,Centennial Resource Production LLC,2024,9,0,0,0,0
42423000710100,Centennial Resource Production LLC,2024,10,0,0,0,0
42423000720002,Pioneer Natural Resources USA Inc,2024,1,1975,3033,989,30
42423000720002,Pioneer Natural Resources USA Inc,2024,2,1580,2256,1751,30
42423000720002,Pioneer Natural Resources USA Inc,2024,3,899,1132,1317,30
42423000720002,Pioneer Natural Resources USA Inc,2024,4,445,224,943,30
42423000720002,Pioneer Natural Resources USA Inc,2024,5,233,321,487,30
42423000720002,Pioneer Natural Resources USA Inc,2024,6,79,41,167,30
42423000720002,Pioneer Natural Resources USA Inc,2024,7,28,28,50,30
42423000720002,Pioneer Natural Resources USA Inc,2024,8,8,7,16,30
42423000720002,Pioneer Natural Resources USA Inc,2024,9,2,3,4,30
42423000720002,Pioneer Natural Resources USA Inc,2024,10,0,0,0,0
42423000730102,Parsley Energy Operations LLC,2024,1,4423,7377,7654,30
42423000730102,Parsley Energy Operations LLC,2024,2,3023,5066,6386,30
42423000730102,Parsley Energy Operations LLC,2024,3,1843,3593,1413,30
42423000730102,Parsley Energy Operations LLC,2024,4,865,1492,1725,30
42423000730102,Parsley Energy Operations LLC,2024,5,363,372,557,30
42423000730102,Parsley Energy Operations LLC,2024,6,128,249,168,30
42423000730102,Parsley Energy Operations LLC,2024,7,35,19,52,30
42423000730102,Parsley Energy Operations LLC,2024,8,11,19,24,30
42423000730102,Parsley Energy Operations LLC,2024,9,2,2,0,30
42423000730102,Parsley Energy Operations LLC,2024,10,0,0,0,0
42423000740002,ConocoPhillips Company,2024,1,1831,2914,3723,30
42423000740002,ConocoPhillips Company,2024,2,1494,974,2517,30
42423000740002,ConocoPhillips Company,2024,3,1233,879,1098,30
42423000740002,ConocoPhillips Company,2024,4,819,892,1187,30
42423000740002,ConocoPhillips Company,2024,5,401,479,259,30
42423000740002,ConocoPhillips Company,2024,6,207,110,22,30
42423000740002,ConocoPhillips Company,2024,7,89,57,47,30
42423000740002,ConocoPhillips Company,2024,8,36,51,41,30
42423000740002,ConocoPhillips Company,2024,9,15,28,37,30
42423000740002,ConocoPhillips Company,2024,10,5,4,2,30
42423000750002,ConocoPhillips Company,2024,1,1704,2642,3337,30
42423000750002,ConocoPhillips Company,2024,2,1332,2100,585,30
42423000750002,ConocoPhillips Company,2024,3,736,561,435,30
42423000750002,ConocoPhillips Company,2024,4,408,643,670,30
42423000750002,ConocoPhillips Company,2024,5,155,283,195,30
42423000750002,ConocoPhillips Company,2024,6,49,57,82,30
42423000750002,ConocoPhillips Company,2024,7,15,16,3,30
42423000750002,ConocoPhillips Company,2024,8,4,6,0,30
42423000750002,ConocoPhillips Company,2024,9,0,0,0,0
42423000750002,ConocoPhillips Company,2024,10,0,0,0,0
42423000760001,Independence Resources Management LLC,2024,1,3467,5758,6795,30
42423000760001,Independence Resources Management LLC,2024,2,2610,3372,1468,30
42423000760001,Independence Resources Management LLC,2024,3,1610,3041,2253,30
42423000760001,Independence Resources Management LLC,2024,4,870,441,1874,30
42423000760001,Independence Resources Management LLC,2024,5,325,458,152,30
42423000760001,Independence Resources Management LLC,2024,6,109,142,221,30
42423000760001,Independence Resources Management LLC,2024,7,37,22,78,30
42423000760001,Independence Resources Management LLC,2024,8,9,5,13,30
42423000760001,Independence Resources Management LLC,2024,9,2,1,2,30
42423000760001,Independence Resources Management LLC,2024,10,0,0,0,0
42423000770001,Permian Resources Operating LLC,2024,1,1124,1697,1062,30
42423000770001,Permian Resources Operating LLC,2024,2,949,808,675,30
42423000770001,Permian Resources Operating LLC,2024,3,664,917,503,30
42423000770001,Permian Resources Operating LLC,2024,4,420,215,94,30
42423000770001,Permian Resources Operating LLC,2024,5,253,397,296,30
42423000770001,Permian Resources Operating LLC,2024,6,142,222,282,30
42423000770001,Permian Resources Operating LLC,2024,7,67,90,136,30
42423000770001,Permian Resources Operating LLC,2024,8,25,19,19,30
42423000770001,Permian Resources Operating LLC,2024,9,10,6,9,30
42423000770001,Permian Resources Operating LLC,2024,10,3,4,3,30
42423000780102,ConocoPhillips Company,2024,1,3647,5813,9100,30
42423000780102,ConocoPhillips Company,2024,2,2652,1416,3527,30
42423000780102,ConocoPhillips Company,2024,3,2022,1975,4261,30
42423000780102,ConocoPhillips Company,2024,4,1153,1685,2515,30
42423000780102,ConocoPhillips Company,2024,5,579,1155,146,30
42423000780102,ConocoPhillips Company,2024,6,253,136,607,30
42423000780102,ConocoPhillips Company,2024,7,99,132,55,30
42423000780102,ConocoPhillips Company,2024,8,41,72,33,30
42423000780102,ConocoPhillips Company,2024,9,12,12,5,30
42423000780102,ConocoPhillips Company,2024,10,3,2,3,30
42423000790000,Laredo Petroleum Inc,2024,1,4244,7193,8268,30
42423000790000,Laredo Petroleum Inc,2024,2,3505,6330,907,30
42423000790000,Laredo Petroleum Inc,2024,3,2712,4727,3366,30
42423000790000,Laredo Petroleum Inc,2024,4,1603,2391,3499,30
42423000790000,Laredo Petroleum Inc,2024,5,1082,1816,2387,30
42423000790000,Laredo Petroleum Inc,2024,6,543,421,1149,30
42423000790000,Laredo Petroleum Inc,2024,7,231,274,571,30
42423000790000,Laredo Petroleum Inc,2024,8,94,153,70,30
42423000790000,Laredo Petroleum Inc,2024,9,38,35,36,30
42423000790000,Laredo Petroleum Inc,2024,10,14,24,10,30
42423000800100,Apache Corporation,2024,1,1221,2042,858,30
42423000800100,Apache Corporation,2024,2,1086,584,2423,30
42423000800100,Apache Corporation,2024,3,741,1257,1547,30
42423000800100,Apache Corporation,2024,4,409,663,85,30
42423000800100,Apache Corporation,2024,5,225,415,553,30
42423000800100,Apache Corporation,2024,6,97,48,48,30
42423000800100,Apache Corporation,2024,7,30,52,21,30
42423000800100,Apache Corporation,2024,8,11,8,18,30
42423000800100,Apache Corporation,2024,9,3,1,6,30
42423000800100,Apache Corporation,2024,10,1,0,0,30
42329000810002,Centennial Resource Production LLC,2024,1,4057,6450,4658,30
42329000810002,Centennial Resource Production LLC,2024,2,3515,4365,5494,30
42329000810002,Centennial Resource Production LLC,2024,3,1836,1343,3075,30
42329000810002,Centennial Resource Production LLC,2024,4,959,609,1277,30
42329000810002,Centennial Resource Production LLC,2024,5,410,562,767,30
42329000810002,Centennial Resource Production LLC,2024,6,135,257,182,30
42329000810002,Centennial Resource Production LLC,2024,7,41,33,23,30
42329000810002,Centennial Resource Production LLC,2024,8,12,18,16,30
42329000810002,Centennial Resource Production LLC,2024,9,2,3,0,30
42329000810002,Centennial Resource Production LLC,2024,10,0,0,0,0
42329000820100,Centennial Resource Production LLC,2024,1,7106,9031,12928,30
42329000820100,Centennial Resource Production LLC,2024,2,4747,5093,2363,30
42329000820100,Centennial Resource Production LLC,2024,3,3242,4409,6849,30
42329000820100,Centennial Resource Production LLC,2024,4,1656,1819,3854,30
42329000820100,Centennial Resource Production LLC,2024,5,821,762,276,30
42329000820100,Centennial Resource Production LLC,2024,6,278,391,156,30
42329000820100,Centennial Resource Production LLC,2024,7,106,53,108,30
42329000820100,Centennial Resource Production LLC,2024,8,26,22,55,30
42329000820100,Centennial Resource Production LLC,2024,9,7,6,11,30
42329000820100,Centennial Resource Production LLC,2024,10,1,1,2,30
42329000830001,Parsley Energy Operations LLC,2024,1,3368,5978,4772,30
42329000830001,Parsley Energy Operations LLC,2024,2,2661,1455,6228,30
42329000830001,Parsley Energy Operations LLC,2024,3,1684,1367,1120,30
42329000830001,Parsley Energy Operations LLC,2024,4,958,1381,1762,30
42329000830001,Parsley Energy Operations LLC,2024,5,444,421,741,30
42329000830001,Parsley Energy Operations LLC,2024,6,180,133,212,30
42329000830001,Parsley Energy Operations LLC,2024,7,69,105,163,30
42329000830001,Parsley Energy Operations LLC,2024,8,22,12,53,30
42329000830001,Parsley Energy Operations LLC,2024,9,6,5,3,30
42329000830001,Parsley Energy Operations LLC,2024,10,1,1,2,30
42329000840002,Callon Petroleum Operating Company,2024,1,1869,3156,1635,30
42329000840002,Callon Petroleum Operating Company,2024,2,1739,1792,468,30
42329000840002,Callon Petroleum Operating Company,2024,3,1320,1862,1464,30
42329000840002,Callon Petroleum Operating Company,2024,4,851,971,726,30
42329000840002,Callon Petroleum Operating Company,2024,5,496,850,674,30
42329000840002,Callon Petroleum Operating Company,2024,6,255,411,356,30
42329000840002,Callon Petroleum Operating Company,2024,7,128,243,25,30
42329000840002,Callon Petroleum Operating Company,2024,8,55,78,104,30
42329000840002,Callon Petroleum Operating Company,2024,9,23,33,30,30
42329000840002,Callon Petroleum Operating Company,2024,10,8,9,11,30
42329000850002,Apache Corporation,2024,1,3831,6033,593,30
42329000850002,Apache Corporation,2024,2,3422,2799,8222,30
42329000850002,Apache Corporation,2024,3,2121,4036,2650,30
42329000850002,Apache Corporation,2024,4,1113,736,514,30
42329000850002,Apache Corporation,2024,5,463,794,489,30
42329000850002,Apache Corporation,2024,6,208,150,110,30
42329000850002,Apache Corporation,2024,7,63,112,125,30
42329000850002,Apache Corporation,2024,8,19,32,3,30
42329000850002,Apache Corporation,2024,9,5,5,9,30
42329000850002,Apache Corporation,2024,10,1,1,2,30
42329000860002,EOG Resources Inc,2024,1,4872,6440,5024,30
42329000860002,EOG Resources Inc,2024,2,4231,7277,795,30
42329000860002,EOG Resources Inc,2024,3,3231,2397,688,30
42329000860002,EOG Resources Inc,2024,4,2051,3486,854,30
42329000860002,EOG Resources Inc,2024,5,1012,1502,1994,30
42329000860002,EOG Resources Inc,2024,6,586,1000,838,30
42329000860002,EOG Resources Inc,2024,7,268,346,382,30
42329000860002,EOG Resources Inc,2024,8,94,91,59,30
42329000860002,EOG Resources Inc,2024,9,41,79,54,30
42329000860002,EOG Resources Inc,2024,10,11,15,18,30
42329000870000,Centennial Resource Production LLC,2024,1,6257,11975,7324,30
42329000870000,Centennial Resource Production LLC,2024,2,4692,7023,5449,30
42329000870000,Centennial Resource Production LLC,2024,3,2570,1816,4981,30
42329000870000,Centennial Resource Production LLC,2024,4,1165,2151,2629,30
42329000870000,Centennial Resource Production LLC,2024,5,399,377,135,30
42329000870000,Centennial Resource Production LLC,2024,6,116,136,106,30
42329000870000,Centennial Resource Production LLC,2024,7,28,16,48,30
42329000870000,Centennial Resource Production LLC,2024,8,5,5,5,30
42329000870000,Centennial Resource Production LLC,2024,9,1,0,0,30
42329000870000,Centennial Resource Production LLC,2024,10,0,0,0,0
42329000880001,Parsley Energy Operations LLC,2024,1,6318,9407,15051,30
42329000880001,Parsley Energy Operations LLC,2024,2,5105,9362,11779,30
42329000880001,Parsley Energy Operations LLC,2024,3,2938,2083,5600,30
42329000880001,Parsley Energy Operations LLC,2024,4,1452,1399,3552,30
42329000880001,Parsley Energy Operations LLC,2024,5,684,793,1465,30
42329000880001,Parsley Energy Operations LLC,2024,6,266,240,282,30
42329000880001,Parsley Energy Operations LLC,2024,7,82,115,30,30
42329000880001,Parsley Energy Operations LLC,2024,8,28,49,53,30
42329000880001,Parsley Energy Operations LLC,2024,9,6,9,9,30
42329000880001,Parsley Energy Operations LLC,2024,10,1,0,1,30
42329000890000,Apache Corporation,2024,1,4981,8348,10183,30
42329000890000,Apache Corporation,2024,2,4359,2397,10008,30
42329000890000,Apache Corporation,2024,3,2188,2131,4521,30
42329000890000,Apache Corporation,2024,4,1149,1569,2115,30
42329000890000,Apache Corporation,2024,5,412,566,984,30
42329000890000,Apache Corporation,2024,6,122,66,31,30
42329000890000,Apache Corporation,2024,7,30,28,70,30
42329000890000,Apache Corporation,2024,8,6,10,5,30
42329000890000,Apache Corporation,2024,9,1,0,1,30
42329000890000,Apache Corporation,2024,10,0,0,0,0
42329000900101,Centennial Resource Production LLC,2024,1,3010,1736,1288,30
42329000900101,Centennial Resource Production LLC,2024,2,2184,1487,1955,30
42329000900101,Centennial Resource Production LLC,2024,3,1698,2129,3926,30
42329000900101,Centennial Resource Production LLC,2024,4,913,1693,758,30
42329000900101,Centennial Resource Production LLC,2024,5,436,364,1085,30
42329000900101,Centennial Resource Production LLC,2024,6,165,159,106,30
42329000900101,Centennial Resource Production LLC,2024,7,62,69,19,30
42329000900101,Centennial Resource Production LLC,2024,8,21,26,5,30
42329000900101,Centennial Resource Production LLC,2024,9,5,6,8,30
42329000900101,Centennial Resource Production LLC,2024,10,1,1,1,30
42329000910001,Diamondback E&P LLC,2024,1,5277,5699,8763,30
42329000910001,Diamondback E&P LLC,2024,2,3767,6720,4780,30
42329000910001,Diamondback E&P LLC,2024,3,2777,4854,1043,30
42329000910001,Diamondback E&P LLC,2024,4,1592,1002,1847,30
42329000910001,Diamondback E&P LLC,2024,5,762,906,100,30
42329000910001,Diamondback E&P LLC,2024,6,309,256,696,30
42329000910001,Diamondback E&P LLC,2024,7,126,82,167,30
42329000910001,Diamondback E&P LLC,2024,8,40,27,42,30
42329000910001,Diamondback E&P LLC,2024,9,13,21,3,30
42329000910001,Diamondback E&P LLC,2024,10,3,3,6,30
42329000920002,Callon Petroleum Operating Company,2024,1,3003,2291,4563,30
42329000920002,Callon Petroleum Operating Company,2024,2,2365,4663,5114,30
42329000920002,Callon Petroleum Operating Company,2024,3,1848,2951,1981,30
42329000920002,Callon Petroleum Operating Company,2024,4,1094,2034,1781,30
42329000920002,Callon Petroleum Operating Company,2024,5,537,533,1305,30
42329000920002,Callon Petroleum Operating Company,2024,6,272,151,557,30
42329000920002,Callon Petroleum Operating Company,2024,7,119,162,286,30
42329000920002,Callon Petroleum Operating Company,2024,8,47,84,43,30
42329000920002,Callon Petroleum Operating Company,2024,9,14,7,20,30
42329000920002,Callon Petroleum Operating Company,2024,10,5,9,7,30
42329000930100,Apache Corporation,2024,1,7855,7792,6024,30
42329000930100,Apache Corporation,2024,2,5969,3372,2522,30
42329000930100,Apache Corporation,2024,3,3329,2536,1400,30
42329000930100,Apache Corporation,2024,4,1851,3574,4533,30
42329000930100,Apache Corporation,2024,5,798,837,1255,30
42329000930100,Apache Corporation,2024,6,252,406,49,30
42329000930100,Apache Corporation,2024,7,86,79,158,30
42329000930100,Apache Corporation,2024,8,19,25,27,30
42329000930100,Apache Corporation,2024,9,5,6,6,30
42329000930100,Apache Corporation,2024,10,1,1,1,30
42329000940002,Centennial Resource Production LLC,2024,1,2472,3235,5633,30
42329000940002,Centennial Resource Production LLC,2024,2,2018,2803,4471,30
42329000940002,Centennial Resource Production LLC,2024,3,1419,1115,3099,30
42329000940002,Centennial Resource Production LLC,2024,4,639,812,1311,30
42329000940002,Centennial Resource Production LLC,2024,5,284,205,402,30
42329000940002,Centennial Resource Production LLC,2024,6,108,108,137,30
42329000940002,Centennial Resource Production LLC,2024,7,30,22,30,30
42329000940002,Centennial Resource Production LLC,2024,8,8,5,11,30
42329000940002,Centennial Resource Production LLC,2024,9,1,1,1,30
42329000940002,Centennial Resource Production LLC,2024,10,0,0,0,0
42329000950002,Cimarex Energy Company,2024,1,7764,12585,6802,30
42329000950002,Cimarex Energy Company,2024,2,5845,5061,11006,30
42329000950002,Cimarex Energy Company,2024,3,3619,4288,3343,30
42329000950002,Cimarex Energy Company,2024,4,2029,4041,3718,30
42329000950002,Cimarex Energy Company,2024,5,791,732,1658,30
42329000950002,Cimarex Energy Company,2024,6,287,302,565,30
42329000950002,Cimarex Energy Company,2024,7,105,199,74,30
42329000950002,Cimarex Energy Company,2024,8,27,43,28,30
42329000950002,Cimarex Energy Company,2024,9,8,6,4,30
42329000950002,Cimarex Energy Company,2024,10,1,1,0,30
42329000960001,Concho Resources Inc,2024,1,2082,1528,1510,30
42329000960001,Concho Resources Inc,2024,2,2037,3471,2442,30
42329000960001,Concho Resources Inc,2024,3,1246,1941,1519,30
42329000960001,Concho Resources Inc,2024,4,817,937,500,30
42329000960001,Concho Resources Inc,2024,5,425,328,934,30
42329000960001,Concho Resources Inc,2024,6,185,95,147,30
42329000960001,Concho Resources Inc,2024,7,78,132,68,30
42329000960001,Concho Resources Inc,2024,8,30,29,34,30
42329000960001,Concho Resources Inc,2024,9,9,16,10,30
42329000960001,Concho Resources Inc,2024,10,3,2,3,30
42329000970102,Endeavor Energy Resources LP,2024,1,2067,3069,2860,30
42329000970102,Endeavor Energy Resources LP,2024,2,1810,1536,2923,30
42329000970102,Endeavor Energy Resources LP,2024,3,1055,559,1335,30
42329000970102,Endeavor Energy Resources LP,2024,4,563,913,161,30
42329000970102,Endeavor Energy Resources LP,2024,5,192,275,64,30
42329000970102,Endeavor Energy Resources LP,2024,6,68,119,116,30
42329000970102,Endeavor Energy Resources LP,2024,7,19,34,25,30
42329000970102,Endeavor Energy Resources LP,2024,8,5,6,4,30
42329000970102,Endeavor Energy Resources LP,2024,9,1,1,1,30
42329000970102,Endeavor Energy Resources LP,2024,10,0,0,0,0
42329000980100,Marathon Oil Company,2024,1,7021,6164,3991,30
42329000980100,Marathon Oil Company,2024,2,5272,4628,12660,30
42329000980100,Marathon Oil Company,2024,3,3032,4196,6665,30
42329000980100,Marathon Oil Company,2024,4,1761,3213,3098,30
42329000980100,Marathon Oil Company,2024,5,669,793,1527,30
42329000980100,Marathon Oil Company,2024,6,303,163,521,30
42329000980100,Marathon Oil Company,2024,7,87,68,43,30
42329000980100,Marathon Oil Company,2024,8,28,19,9,30
42329000980100,Marathon Oil Company,2024,9,6,4,0,30
42329000980100,Marathon Oil Company,2024,10,1,1,1,30
42329000990100,Endeavor Energy Resources LP,2024,1,2673,1539,469,30
42329000990100,Endeavor Energy Resources LP,2024,2,1953,2253,1283,30
42329000990100,Endeavor Energy Resources LP,2024,3,1629,2772,673,30
42329000990100,Endeavor Energy Resources LP,2024,4,855,1591,446,30
42329000990100,Endeavor Energy Resources LP,2024,5,479,604,482,30
42329000990100,Endeavor Energy Resources LP,2024,6,187,344,31,30
42329000990100,Endeavor Energy Resources LP,2024,7,82,152,153,30
42329000990100,Endeavor Energy Resources LP,2024,8,26,15,55,30
42329000990100,Endeavor Energy Resources LP,2024,9,8,5,15,30
42329000990100,Endeavor Energy Resources LP,2024,10,2,2,2,30
42329001000002,Matador Production Company,2024,1,3157,3409,2840,30
42329001000002,Matador Production Company,2024,2,2622,2472,2176,30
42329001000002,Matador Production Company,2024,3,1904,2903,2016,30
42329001000002,Matador Production Company,2024,4,1266,1405,1978,30
42329001000002,Matador Production Company,2024,5,623,857,1248,30
42329001000002,Matador Production Company,2024,6,242,206,177,30
42329001000002,Matador Production Company,2024,7,104,160,117,30
42329001000002,Matador Production Company,2024,8,32,28,23,30
42329001000002,Matador Production Company,2024,9,10,6,18,30
42329001000002,Matador Production Company,2024,10,2,3,4,30
42329001010002,Diamondback E&P LLC,2024,1,3712,2553,3352,30
42329001010002,Diamondback E&P LLC,2024,2,3116,2689,7769,30
42329001010002,Diamondback E&P LLC,2024,3,1818,2412,1800,30
42329001010002,Diamondback E&P LLC,2024,4,1099,1296,1594,30
42329001010002,Diamondback E&P LLC,2024,5,511,324,379,30
42329001010002,Diamondback E&P LLC,2024,6,214,277,514,30
42329001010002,Diamondback E&P LLC,2024,7,70,87,139,30
42329001010002,Diamondback E&P LLC,2024,8,24,43,31,30
42329001010002,Diamondback E&P LLC,2024,9,6,10,13,30
42329001010002,Diamondback E&P LLC,2024,10,1,1,0,30
42329001020002,Permian Resources Operating LLC,2024,1,4336,4236,3951,30
42329001020002,Permian Resources Operating LLC,2024,2,3559,5868,5314,30
42329001020002,Permian Resources Operating LLC,2024,3,2184,4173,3885,30
42329001020002,Permian Resources Operating LLC,2024,4,1130,1508,458,30
42329001020002,Permian Resources Operating LLC,2024,5,512,920,1133,30
42329001020002,Permian Resources Operating LLC,2024,6,211,354,300,30
42329001020002,Permian Resources Operating LLC,2024,7,58,69,109,30
42329001020002,Permian Resources Operating LLC,2024,8,17,13,13,30
42329001020002,Permian Resources Operating LLC,2024,9,3,5,5,30
42329001020002,Permian Resources Operating LLC,2024,10,0,0,0,0
42329001030001,Parsley Energy Operations LLC,2024,1,6605,7173,7172,30
42329001030001,Parsley Energy Operations LLC,2024,2,5921,6939,7700,30
42329001030001,Parsley Energy Operations LLC,2024,3,4420,6090,3055,30
42329001030001,Parsley Energy Operations LLC,2024,4,2905,4889,472,30
42329001030001,Parsley Energy Operations LLC,2024,5,1584,1119,1653,30
42329001030001,Parsley Energy Operations LLC,2024,6,731,1171,331,30
42329001030001,Parsley Energy Operations LLC,2024,7,300,497,368,30
42329001030001,Parsley Energy Operations LLC,2024,8,107,193,71,30
42329001030001,Parsley Energy Operations LLC,2024,9,37,64,70,30
42329001030001,Parsley Energy Operations LLC,2024,10,13,21,25,30
42329001040002,Cimarex Energy Company,2024,1,3025,2320,3057,30
42329001040002,Cimarex Energy Company,2024,2,2038,2985,3584,30
42329001040002,Cimarex Energy Company,2024,3,1420,721,3355,30
42329001040002,Cimarex Energy Company,2024,4,829,878,1149,30
42329001040002,Cimarex Energy Company,2024,5,367,501,754,30
42329001040002,Cimarex Energy Company,2024,6,143,233,324,30
42329001040002,Cimarex Energy Company,2024,7,41,22,58,30
42329001040002,Cimarex Energy Company,2024,8,12,9,12,30
42329001040002,Cimarex Energy Company,2024,9,3,3,4,30
42329001040002,Cimarex Energy Company,2024,10,0,0,0,0
42329001050001,Laredo Petroleum Inc,2024,1,2888,5596,2344,30
42329001050001,Laredo Petroleum Inc,2024,2,2095,2786,1240,30
42329001050001,Laredo Petroleum Inc,2024,3,1064,948,1633,30
42329001050001,Laredo Petroleum Inc,2024,4,423,609,183,30
42329001050001,Laredo Petroleum Inc,2024,5,154,261,333,30
42329001050001,Laredo Petroleum Inc,2024,6,43,73,69,30
42329001050001,Laredo Petroleum Inc,2024,7,9,10,1,30
42329001050001,Laredo Petroleum Inc,2024,8,1,1,2,30
42329001050001,Laredo Petroleum Inc,2024,9,0,0,0,0
42329001050001,Laredo Petroleum Inc,2024,10,0,0,0,0
42329001060001,Laredo Petroleum Inc,2024,1,6434,11117,2356,30
42329001060001,Laredo Petroleum Inc,2024,2,5364,3829,12842,30
42329001060001,Laredo Petroleum Inc,2024,3,4070,2930,2065,30
42329001060001,Laredo Petroleum Inc,2024,4,2693,4494,447,30
42329001060001,Laredo Petroleum Inc,2024,5,1475,1948,2894,30
42329001060001,Laredo Petroleum Inc,2024,6,778,781,1137,30
42329001060001,Laredo Petroleum Inc,2024,7,335,354,621,30
42329001060001,Laredo Petroleum Inc,2024,8,151,85,291,30
42329001060001,Laredo Petroleum Inc,2024,9,49,32,27,30
42329001060001,Laredo Petroleum Inc,2024,10,17,16,12,30
42329001070100,Callon Petroleum Operating Company,2024,1,3954,2479,9458,30
42329001070100,Callon Petroleum Operating Company,2024,2,3498,4858,4493,30
42329001070100,Callon Petroleum Operating Company,2024,3,2532,2387,482,30
42329001070100,Callon Petroleum Operating Company,2024,4,1333,1351,3040,30
42329001070100,Callon Petroleum Operating Company,2024,5,771,528,269,30
42329001070100,Callon Petroleum Operating Company,2024,6,317,165,773,30
42329001070100,Callon Petroleum Operating Company,2024,7,142,239,237,30
42329001070100,Callon Petroleum Operating Company,2024,8,48,81,81,30
42329001070100,Callon Petroleum Operating Company,2024,9,15,10,29,30
42329001070100,Callon Petroleum Operating Company,2024,10,4,2,8,30
42329001080002,Endeavor Energy Resources LP,2024,1,6082,10540,1185,30
42329001080002,Endeavor Energy Resources LP,2024,2,4931,5409,2201,30
42329001080002,Endeavor Energy Resources LP,2024,3,3070,2793,2206,30
42329001080002,Endeavor Energy Resources LP,2024,4,1459,1712,1204,30
42329001080002,Endeavor Energy Resources LP,2024,5,592,612,1321,30
42329001080002,Endeavor Energy Resources LP,2024,6,183,113,110,30
42329001080002,Endeavor Energy Resources LP,2024,7,56,50,15,30
42329001080002,Endeavor Energy Resources LP,2024,8,13,8,22,30
42329001080002,Endeavor Energy Resources LP,2024,9,3,4,7,30
42329001080002,Endeavor Energy Resources LP,2024,10,0,0,0,0
42329001090000,Independence Resources Management LLC,2024,1,6268,7101,14560,30
42329001090000,Independence Resources Management LLC,2024,2,6146,3275,15311,30
42329001090000,Independence Resources Management LLC,2024,3,3904,4376,8881,30
42329001090000,Independence Resources Management LLC,2024,4,2802,5239,6113,30
42329001090000,Independence Resources Management LLC,2024,5,1374,1140,3338,30
42329001090000,Independence Resources Management LLC,2024,6,735,1151,1053,30
42329001090000,Independence Resources Management LLC,2024,7,303,557,94,30
42329001090000,Independence Resources Management LLC,2024,8,117,80,45,30
42329001090000,Independence Resources Management LLC,2024,9,46,73,55,30
42329001090000,Independence Resources Management LLC,2024,10,14,25,11,30
42329001100002,Marathon Oil Company,2024,1,3468,2299,658,30
42329001100002,Marathon Oil Company,2024,2,2198,3965,2853,30
42329001100002,Marathon Oil Company,2024,3,1265,2223,3073,30
42329001100002,Marathon Oil Company,2024,4,581,1072,1432,30
42329001100002,Marathon Oil Company,2024,5,176,132,348,30
42329001100002,Marathon Oil Company,2024,6,47,51,23,30
42329001100002,Marathon Oil Company,2024,7,11,19,5,30
42329001100002,Marathon Oil Company,2024,8,1,1,0,30
42329001100002,Marathon Oil Company,2024,9,0,0,0,0
42329001100002,Marathon Oil Company,2024,10,0,0,0,0
42329001110100,Callon Petroleum Operating Company,2024,1,4621,5258,10370,30
42329001110100,Callon Petroleum Operating Company,2024,2,4025,2028,1744,30
42329001110100,Callon Petroleum Operating Company,2024,3,2691,3347,2096,30
42329001110100,Callon Petroleum Operating Company,2024,4,1641,3240,3349,30
42329001110100,Callon Petroleum Operating Company,2024,5,841,1639,1025,30
42329001110100,Callon Petroleum Operating Company,2024,6,399,642,611,30
42329001110100,Callon Petroleum Operating Company,2024,7,159,279,121,30
42329001110100,Callon Petroleum Operating Company,2024,8,61,96,140,30
42329001110100,Callon Petroleum Operating Company,2024,9,22,27,24,30
42329001110100,Callon Petroleum Operating Company,2024,10,6,10,4,30
42329001120000,Parsley Energy Operations LLC,2024,1,4760,7297,3860,30
42329001120000,Parsley Energy Operations LLC,2024,2,3563,2843,7639,30
42329001120000,Parsley Energy Operations LLC,2024,3,2444,2143,2873,30
42329001120000,Parsley Energy Operations LLC,2024,4,1084,2149,333,30
42329001120000,Parsley Energy Operations LLC,2024,5,396,324,409,30
42329001120000,Parsley Energy Operations LLC,2024,6,136,104,261,30
42329001120000,Parsley Energy Operations LLC,2024,7,43,53,46,30
42329001120000,Parsley Energy Operations LLC,2024,8,11,6,7,30
42329001120000,Parsley Energy Operations LLC,2024,9,2,1,2,30
42329001120000,Parsley Energy Operations LLC,2024,10,0,0,0,0
42329001130101,Parsley Energy Operations LLC,2024,1,4402,3125,9704,30
42329001130101,Parsley Energy Operations LLC,2024,2,2748,1393,6661,30
42329001130101,Parsley Energy Operations LLC,2024,3,1840,2471,1990,30
42329001130101,Parsley Energy Operations LLC,2024,4,774,1336,186,30
42329001130101,Parsley Energy Operations LLC,2024,5,303,319,748,30
42329001130101,Parsley Energy Operations LLC,2024,6,81,57,102,30
42329001130101,Parsley Energy Operations LLC,2024,7,19,30,8,30
42329001130101,Parsley Energy Operations LLC,2024,8,3,4,3,30
42329001130101,Parsley Energy Operations LLC,2024,9,0,0,0,0
42329001130101,Parsley Energy Operations LLC,2024,10,0,0,0,0
42329001140001,Matador Production Company,2024,1,5923,6562,1046,30
42329001140001,Matador Production Company,2024,2,4556,4820,1464,30
42329001140001,Matador Production Company,2024,3,2719,5402,5174,30
42329001140001,Matador Production Company,2024,4,1263,1323,1497,30
42329001140001,Matador Production Company,2024,5,521,383,337,30
42329001140001,Matador Production Company,2024,6,169,119,302,30
42329001140001,Matador Production Company,2024,7,44,44,41,30
42329001140001,Matador Production Company,2024,8,10,5,20,30
42329001140001,Matador Production Company,2024,9,2,2,1,30
42329001140001,Matador Production Company,2024,10,0,0,0,0
42329001150001,Diamondback E&P LLC,2024,1,3931,6183,2659,30
42329001150001,Diamondback E&P LLC,2024,2,2930,2229,6809,30
42329001150001,Diamondback E&P LLC,2024,3,1580,845,3386,30
42329001150001,Diamondback E&P LLC,2024,4,674,369,1515,30
42329001150001,Diamondback E&P LLC,2024,5,278,197,442,30
42329001150001,Diamondback E&P LLC,2024,6,82,160,193,30
42329001150001,Diamondback E&P LLC,2024,7,21,20,17,30
42329001150001,Diamondback E&P LLC,2024,8,4,7,3,30
42329001150001,Diamondback E&P LLC,2024,9,0,0,0,0
42329001150001,Diamondback E&P LLC,2024,10,0,0,0,0
42329001160001,SM Energy Company,2024,1,2770,3570,1752,30
42329001160001,SM Energy Company,2024,2,2052,2472,2656,30
42329001160001,SM Energy Company,2024,3,1221,2008,2004,30
42329001160001,SM Energy Company,2024,4,534,294,916,30
42329001160001,SM Energy Company,2024,5,191,184,232,30
42329001160001,SM Energy Company,2024,6,53,89,103,30
42329001160001,SM Energy Company,2024,7,14,26,6,30
42329001160001,SM Energy Company,2024,8,3,2,6,30
42329001160001,SM Energy Company,2024,9,0,0,0,0
42329001160001,SM Energy Company,2024,10,0,0,0,0
42329001170000,Matador Production Company,2024,1,3519,3103,5215,30
42329001170000,Matador Production Company,2024,2,2644,1324,5557,30
42329001170000,Matador Production Company,2024,3,1546,2680,3734,30
42329001170000,Matador Production Company,2024,4,733,1216,1195,30
42329001170000,Matador Production Company,2024,5,294,562,239,30
42329001170000,Matador Production Company,2024,6,94,76,126,30
42329001170000,Matador Production Company,2024,7,27,43,30,30
42329001170000,Matador Production Company,2024,8,6,7,1,30
42329001170000,Matador Production Company,2024,9,1,0,1,30
42329001170000,Matador Production Company,2024,10,0,0,0,0
42329001180102,Endeavor Energy Resources LP,2024,1,3091,3808,1940,30
42329001180102,Endeavor Energy Resources LP,2024,2,2657,1437,3530,30
42329001180102,Endeavor Energy Resources LP,2024,3,1640,1472,2048,30
42329001180102,Endeavor Energy Resources LP,2024,4,941,1238,1485,30
42329001180102,Endeavor Energy Resources LP,2024,5,476,394,778,30
42329001180102,Endeavor Energy Resources LP,2024,6,169,222,136,30
42329001180102,Endeavor Energy Resources LP,2024,7,59,65,71,30
42329001180102,Endeavor Energy Resources LP,2024,8,16,24,34,30
42329001180102,Endeavor Energy Resources LP,2024,9,5,4,4,30
42329001180102,Endeavor Energy Resources LP,2024,10,0,0,0,0
42329001190001,Devon Energy Production Company LP,2024,1,4897,6439,7545,30
42329001190001,Devon Energy Production Company LP,2024,2,4224,4942,5841,30
42329001190001,Devon Energy Production Company LP,2024,3,2850,3263,3421,30
42329001190001,Devon Energy Production Company LP,2024,4,1796,3047,4180,30
42329001190001,Devon Energy Production Company LP,2024,5,1003,1289,519,30
42329001190001,Devon Energy Production Company LP,2024,6,562,854,815,30
42329001190001,Devon Energy Production Company LP,2024,7,229,291,31,30
42329001190001,Devon Energy Production Company LP,2024,8,100,106,49,30
42329001190001,Devon Energy Production Company LP,2024,9,34,48,8,30
42329001190001,Devon Energy Production Company LP,2024,10,12,11,7,30
42329001200002,Devon Energy Production Company LP,2024,1,3842,3019,5963,30
42329001200002,Devon Energy Production Company LP,2024,2,3332,4341,1803,30
42329001200002,Devon Energy Production Company LP,2024,3,2042,3906,3229,30
42329001200002,Devon Energy Production Company LP,2024,4,943,645,1096,30
42329001200002,Devon Energy Production Company LP,2024,5,424,298,536,30
42329001200002,Devon Energy Production Company LP,2024,6,164,134,252,30
42329001200002,Devon Energy Production Company LP,2024,7,49,37,8,30
42329001200002,Devon Energy Production Company LP,2024,8,13,8,14,30
42329001200002,Devon Energy Production Company LP,2024,9,3,4,6,30
42329001200002,Devon Energy Production Company LP,2024,10,0,0,0,0
42329001210000,Matador Production Company,2024,1,5268,5120,7940,30
42329001210000,Matador Production Company,2024,2,3919,5972,816,30
42329001210000,Matador Production Company,2024,3,2766,4392,5456,30
42329001210000,Matador Production Company,2024,4,1417,1747,167,30
42329001210000,Matador Production Company,2024,5,568,459,118,30
42329001210000,Matador Production Company,2024,6,240,166,410,30
42329001210000,Matador Production Company,2024,7,77,46,27,30
42329001210000,Matador Production Company,2024,8,22,21,36,30
42329001210000,Matador Production Company,2024,9,6,5,5,30
42329001210000,Matador Production Company,2024,10,1,0,1,30
42329001220001,Marathon Oil Company,2024,1,4706,2969,6277,30
42329001220001,Marathon Oil Company,2024,2,4608,5778,4374,30
42329001220001,Marathon Oil Company,2024,3,3318,5733,2793,30
42329001220001,Marathon Oil Company,2024,4,1998,3974,2355,30
42329001220001,Marathon Oil Company,2024,5,1081,1916,2214,30
42329001220001,Marathon Oil Company,2024,6,496,392,319,30
42329001220001,Marathon Oil Company,2024,7,215,233,431,30
42329001220001,Marathon Oil Company,2024,8,86,103,158,30
42329001220001,Marathon Oil Company,2024,9,28,26,11,30
42329001220001,Marathon Oil Company,2024,10,8,7,2,30
42329001230001,Pioneer Natural Resources USA Inc,2024,1,6264,7654,3570,30
42329001230001,Pioneer Natural Resources USA Inc,2024,2,4415,7761,7851,30
42329001230001,Pioneer Natural Resources USA Inc,2024,3,2922,2083,6743,30
42329001230001,Pioneer Natural Resources USA Inc,2024,4,1512,2830,1789,30
42329001230001,Pioneer Natural Resources USA Inc,2024,5,734,1116,827,30
42329001230001,Pioneer Natural Resources USA Inc,2024,6,288,391,520,30
42329001230001,Pioneer Natural Resources USA Inc,2024,7,90,107,21,30
42329001230001,Pioneer Natural Resources USA Inc,2024,8,29,24,48,30
42329001230001,Pioneer Natural Resources USA Inc,2024,9,6,10,13,30
42329001230001,Pioneer Natural Resources USA Inc,2024,10,1,1,0,30
42329001240002,EOG Resources Inc,2024,1,2813,4160,4507,30
42329001240002,EOG Resources Inc,2024,2,1948,3685,4530,30
42329001240002,EOG Resources Inc,2024,3,1169,641,1200,30
42329001240002,EOG Resources Inc,2024,4,510,753,825,30
42329001240002,EOG Resources Inc,2024,5,171,156,154,30
42329001240002,EOG Resources Inc,2024,6,56,43,25,30
42329001240002,EOG Resources Inc,2024,7,11,20,13,30
42329001240002,EOG Resources Inc,2024,8,2,3,1,30
42329001240002,EOG Resources Inc,2024,9,0,0,0,0
42329001240002,EOG Resources Inc,2024,10,0,0,0,0
42329001250101,Independence Resources Management LLC,2024,1,5923,7042,11579,30
42329001250101,Independence Resources Management LLC,2024,2,5146,5161,7551,30
42329001250101,Independence Resources Management LLC,2024,3,2789,4465,4058,30
42329001250101,Independence Resources Management LLC,2024,4,1545,2977,705,30
42329001250101,Independence Resources Management LLC,2024,5,672,670,1201,30
42329001250101,Independence Resources Management LLC,2024,6,266,172,158,30
42329001250101,Independence Resources Management LLC,2024,7,83,85,95,30
42329001250101,Independence Resources Management LLC,2024,8,24,41,40,30
42329001250101,Independence Resources Management LLC,2024,9,7,10,15,30
42329001250101,Independence Resources Management LLC,2024,10,1,1,1,30
42329001260001,Laredo Petroleum Inc,2024,1,3068,2408,610,30
42329001260001,Laredo Petroleum Inc,2024,2,2350,1647,4628,30
42329001260001,Laredo Petroleum Inc,2024,3,1331,2483,2914,30
42329001260001,Laredo Petroleum Inc,2024,4,619,800,1256,30
42329001260001,Laredo Petroleum Inc,2024,5,211,176,375,30
42329001260001,Laredo Petroleum Inc,2024,6,61,79,48,30
42329001260001,Laredo Petroleum Inc,2024,7,14,19,16,30
42329001260001,Laredo Petroleum Inc,2024,8,3,2,6,30
42329001260001,Laredo Petroleum Inc,2024,9,0,0,0,0
42329001260001,Laredo Petroleum Inc,2024,10,0,0,0,0
42329001270002,Centennial Resource Production LLC,2024,1,4625,5092,6996,30
42329001270002,Centennial Resource Production LLC,2024,2,3502,2896,1734,30
42329001270002,Centennial Resource Production LLC,2024,3,2591,4360,2049,30
42329001270002,Centennial Resource Production LLC,2024,4,1496,1872,3131,30
42329001270002,Centennial Resource Production LLC,2024,5,724,393,605,30
42329001270002,Centennial Resource Production LLC,2024,6,363,646,156,30
42329001270002,Centennial Resource Production LLC,2024,7,145,74,348,30
42329001270002,Centennial Resource Production LLC,2024,8,58,97,23,30
42329001270002,Centennial Resource Production LLC,2024,9,17,28,18,30
42329001270002,Centennial Resource Production LLC,2024,10,5,6,6,30
42329001280000,Concho Resources Inc,2024,1,4070,6902,8002,30
42329001280000,Concho Resources Inc,2024,2,2980,3060,5195,30
42329001280000,Concho Resources Inc,2024,3,1733,1821,3777,30
42329001280000,Concho Resources Inc,2024,4,836,542,346,30
42329001280000,Concho Resources Inc,2024,5,316,229,260,30
42329001280000,Concho Resources Inc,2024,6,93,171,92,30
42329001280000,Concho Resources Inc,2024,7,30,15,16,30
42329001280000,Concho Resources Inc,2024,8,7,6,5,30
42329001280000,Concho Resources Inc,2024,9,1,1,1,30
42329001280000,Concho Resources Inc,2024,10,0,0,0,0
42329001290002,Apache Corporation,2024,1,6438,6251,10682,30
42329001290002,Apache Corporation,2024,2,5079,8045,2140,30
42329001290002,Apache Corporation,2024,3,3108,3415,3688,30
42329001290002,Apache Corporation,2024,4,1596,3021,3380,30
42329001290002,Apache Corporation,2024,5,551,437,1078,30
42329001290002,Apache Corporation,2024,6,182,162,212,30
42329001290002,Apache Corporation,2024,7,55,109,121,30
42329001290002,Apache Corporation,2024,8,13,24,3,30
42329001290002,Apache Corporation,2024,9,2,3,3,30
42329001290002,Apache Corporation,2024,10,0,0,0,0
42329001300001,Independence Resources Management LLC,2024,1,7352,5756,16320,30
42329001300001,Independence Resources Management LLC,2024,2,5384,4361,888,30
42329001300001,Independence Resources Management LLC,2024,3,3110,1866,6963,30
42329001300001,Independence Resources Management LLC,2024,4,1393,2749,2398,30
42329001300001,Independence Resources Management LLC,2024,5,529,580,691,30
42329001300001,Independence Resources Management LLC,2024,6,200,209,80,30
42329001300001,Independence Resources Management LLC,2024,7,57,58,111,30
42329001300001,Independence Resources Management LLC,2024,8,13,20,7,30
42329001300001,Independence Resources Management LLC,2024,9,2,1,2,30
42329001300001,Independence Resources Management LLC,2024,10,0,0,0,0
42329001310001,Chevron USA Inc,2024,1,5467,5931,12232,30
42329001310001,Chevron USA Inc,2024,2,4329,7476,1815,30
42329001310001,Chevron USA Inc,2024,3,3146,5194,7754,30
42329001310001,Chevron USA Inc,2024,4,2186,2968,1687,30
42329001310001,Chevron USA Inc,2024,5,1234,2423,2593,30
42329001310001,Chevron USA Inc,2024,6,634,464,1382,30
42329001310001,Chevron USA Inc,2024,7,269,214,195,30
42329001310001,Chevron USA Inc,2024,8,119,149,229,30
42329001310001,Chevron USA Inc,2024,9,41,28,93,30
42329001310001,Chevron USA Inc,2024,10,12,11,11,30
42329001320001,Concho Resources Inc,2024,1,7727,7286,18421,30
42329001320001,Concho Resources Inc,2024,2,6188,9548,9189,30
42329001320001,Concho Resources Inc,2024,3,3729,7424,6953,30
42329001320001,Concho Resources Inc,2024,4,1791,1943,1276,30
42329001320001,Concho Resources Inc,2024,5,723,461,178,30
42329001320001,Concho Resources Inc,2024,6,213,133,160,30
42329001320001,Concho Resources Inc,2024,7,56,35,52,30
42329001320001,Concho Resources Inc,2024,8,12,15,26,30
42329001320001,Concho Resources Inc,2024,9,1,1,0,30
42329001320001,Concho Resources Inc,2024,10,0,0,0,0
42329001330001,SM Energy Company,2024,1,2712,3474,2105,30
42329001330001,SM Energy Company,2024,2,2061,1494,2615,30
42329001330001,SM Energy Company,2024,3,1296,1844,1836,30
42329001330001,SM Energy Company,2024,4,656,375,209,30
42329001330001,SM Energy Company,2024,5,265,462,50,30
42329001330001,SM Energy Company,2024,6,96,138,191,30
42329001330001,SM Energy Company,2024,7,33,60,11,30
42329001330001,SM Energy Company,2024,8,8,13,10,30
42329001330001,SM Energy Company,2024,9,2,3,3,30
42329001330001,SM Energy Company,2024,10,0,0,0,0
42329001340000,Endeavor Energy Resources LP,2024,1,2378,3726,1390,30
42329001340000,Endeavor Energy Resources LP,2024,2,2134,1935,1031,30
42329001340000,Endeavor Energy Resources LP,2024,3,1282,812,1594,30
42329001340000,Endeavor Energy Resources LP,2024,4,691,404,1262,30
42329001340000,Endeavor Energy Resources LP,2024,5,300,167,269,30
42329001340000,Endeavor Energy Resources LP,2024,6,133,212,79,30
42329001340000,Endeavor Energy Resources LP,2024,7,49,43,34,30
42329001340000,Endeavor Energy Resources LP,2024,8,13,23,18,30
42329001340000,Endeavor Energy Resources LP,2024,9,3,5,2,30
42329001340000,Endeavor Energy Resources LP,2024,10,1,1,1,30
42329001350000,ConocoPhillips Company,2024,1,3264,4853,2951,30
42329001350000,ConocoPhillips Company,2024,2,2386,1402,619,30
42329001350000,ConocoPhillips Company,2024,3,1548,1820,2158,30
42329001350000,ConocoPhillips Company,2024,4,870,911,2026,30
42329001350000,ConocoPhillips Company,2024,5,360,495,509,30
42329001350000,ConocoPhillips Company,2024,6,146,253,319,30
42329001350000,ConocoPhillips Company,2024,7,55,27,113,30
42329001350000,ConocoPhillips Company,2024,8,17,15,1,30
42329001350000,ConocoPhillips Company,2024,9,5,7,4,30
42329001350000,ConocoPhillips Company,2024,10,1,0,2,30
42329001360000,Independence Resources Management LLC,2024,1,4825,5375,5421,30
42329001360000,Independence Resources Management LLC,2024,2,4110,4060,454,30
42329001360000,Independence Resources Management LLC,2024,3,2703,4362,3300,30
42329001360000,Independence Resources Management LLC,2024,4,1591,1415,3753,30
42329001360000,Independence Resources Management LLC,2024,5,904,465,1251,30
42329001360000,Independence Resources Management LLC,2024,6,455,753,1054,30
42329001360000,Independence Resources Management LLC,2024,7,164,123,365,30
42329001360000,Independence Resources Management LLC,2024,8,64,33,104,30
42329001360000,Independence Resources Management LLC,2024,9,23,22,32,30
42329001360000,Independence Resources Management LLC,2024,10,6,11,12,30
42329001370100,EOG Resources Inc,2024,1,6302,10927,1560,30
42329001370100,EOG Resources Inc,2024,2,4045,5687,9213,30
42329001370100,EOG Resources Inc,2024,3,2841,2269,783,30
42329001370100,EOG Resources Inc,2024,4,1310,1033,2383,30
42329001370100,EOG Resources Inc,2024,5,508,543,222,30
42329001370100,EOG Resources Inc,2024,6,182,200,313,30
42329001370100,EOG Resources Inc,2024,7,65,97,40,30
42329001370100,EOG Resources Inc,2024,8,17,32,41,30
42329001370100,EOG Resources Inc,2024,9,4,4,7,30
42329001370100,EOG Resources Inc,2024,10,0,0,0,0
42329001380002,Matador Production Company,2024,1,6936,8434,13542,30
42329001380002,Matador Production Company,2024,2,5617,7436,10937,30
42329001380002,Matador Production Company,2024,3,3220,4289,2609,30
42329001380002,Matador Production Company,2024,4,1448,2523,2262,30
42329001380002,Matador Production Company,2024,5,523,991,526,30
42329001380002,Matador Production Company,2024,6,182,178,103,30
42329001380002,Matador Production Company,2024,7,48,50,6,30
42329001380002,Matador Production Company,2024,8,9,15,16,30
42329001380002,Matador Production Company,2024,9,1,0,0,30
42329001380002,Matador Production Company,2024,10,0,0,0,0
42329001390001,Pioneer Natural Resources USA Inc,2024,1,7596,9426,13398,30
42329001390001,Pioneer Natural Resources USA Inc,2024,2,5799,8576,9929,30
42329001390001,Pioneer Natural Resources USA Inc,2024,3,4229,5759,931,30
42329001390001,Pioneer Natural Resources USA Inc,2024,4,2067,1515,1866,30
42329001390001,Pioneer Natural Resources USA Inc,2024,5,947,1715,1428,30
42329001390001,Pioneer Natural Resources USA Inc,2024,6,371,248,845,30
42329001390001,Pioneer Natural Resources USA Inc,2024,7,130,152,24,30
42329001390001,Pioneer Natural Resources USA Inc,2024,8,44,85,14,30
42329001390001,Pioneer Natural Resources USA Inc,2024,9,10,6,10,30
42329001390001,Pioneer Natural Resources USA Inc,2024,10,2,1,2,30
42329001400002,Permian Resources Operating LLC,2024,1,2618,3989,4746,30
42329001400002,Permian Resources Operating LLC,2024,2,1918,2364,2456,30
42329001400002,Permian Resources Operating LLC,2024,3,1236,842,1903,30
42329001400002,Permian Resources Operating LLC,2024,4,678,488,529,30
42329001400002,Permian Resources Operating LLC,2024,5,290,384,357,30
42329001400002,Permian Resources Operating LLC,2024,6,111,76,229,30
42329001400002,Permian Resources Operating LLC,2024,7,36,46,24,30
42329001400002,Permian Resources Operating LLC,2024,8,10,19,13,30
42329001400002,Permian Resources Operating LLC,2024,9,2,2,4,30
42329001400002,Permian Resources Operating LLC,2024,10,0,0,0,0
42329001410000,Devon Energy Production Company LP,2024,1,5758,6805,4222,30
42329001410000,Devon Energy Production Company LP,2024,2,4923,8428,11145,30
42329001410000,Devon Energy Production Company LP,2024,3,2767,5464,3584,30
42329001410000,Devon Energy Production Company LP,2024,4,1148,875,914,30
42329001410000,Devon Energy Production Company LP,2024,5,404,234,826,30
42329001410000,Devon Energy Production Company LP,2024,6,103,196,227,30
42329001410000,Devon Energy Production Company LP,2024,7,23,43,38,30
42329001410000,Devon Energy Production Company LP,2024,8,4,2,5,30
42329001410000,Devon Energy Production Company LP,2024,9,0,0,0,0
42329001410000,Devon Energy Production Company LP,2024,10,0,0,0,0
42329001420102,Occidental Petroleum Corporation,2024,1,3981,3602,9841,30
42329001420102,Occidental Petroleum Corporation,2024,2,2869,3313,6474,30
42329001420102,Occidental Petroleum Corporation,2024,3,1652,3042,3771,30
42329001420102,Occidental Petroleum Corporation,2024,4,780,999,1197,30
42329001420102,Occidental Petroleum Corporation,2024,5,358,326,733,30
42329001420102,Occidental Petroleum Corporation,2024,6,109,74,248,30
42329001420102,Occidental Petroleum Corporation,2024,7,33,20,60,30
42329001420102,Occidental Petroleum Corporation,2024,8,8,13,1,30
42329001420102,Occidental Petroleum Corporation,2024,9,1,1,1,30
42329001420102,Occidental Petroleum Corporation,2024,10,0,0,0,0
42329001430001,EOG Resources Inc,2024,1,5698,9851,10908,30
42329001430001,EOG Resources Inc,2024,2,4553,8099,7917,30
42329001430001,EOG Resources Inc,2024,3,3027,5366,5675,30
42329001430001,EOG Resources Inc,2024,4,2164,1300,5012,30
42329001430001,EOG Resources Inc,2024,5,1356,2638,853,30
42329001430001,EOG Resources Inc,2024,6,603,849,664,30
42329001430001,EOG Resources Inc,2024,7,309,210,210,30
42329001430001,EOG Resources Inc,2024,8,121,163,126,30
42329001430001,EOG Resources Inc,2024,9,47,74,108,30
42329001430001,EOG Resources Inc,2024,10,19,10,25,30
42329001440002,Cimarex Energy Company,2024,1,8392,10162,19194,30
42329001440002,Cimarex Energy Company,2024,2,6637,6311,1836,30
42329001440002,Cimarex Energy Company,2024,3,5752,3911,1076,30
42329001440002,Cimarex Energy Company,2024,4,3737,4536,6480,30
42329001440002,Cimarex Energy Company,2024,5,2028,1894,3484,30
42329001440002,Cimarex Energy Company,2024,6,1082,1082,129,30
42329001440002,Cimarex Energy Company,2024,7,510,895,580,30
42329001440002,Cimarex Energy Company,2024,8,217,198,336,30
42329001440002,Cimarex Energy Company,2024,9,79,139,103,30
42329001440002,Cimarex Energy Company,2024,10,28,21,9,30
42329001450001,Callon Petroleum Operating Company,2024,1,6052,4242,7999,30
42329001450001,Callon Petroleum Operating Company,2024,2,4196,6210,4428,30
42329001450001,Callon Petroleum Operating Company,2024,3,2626,1985,4410,30
42329001450001,Callon Petroleum Operating Company,2024,4,1035,1667,2116,30
42329001450001,Callon Petroleum Operating Company,2024,5,312,294,337,30
42329001450001,Callon Petroleum Operating Company,2024,6,76,74,86,30
42329001450001,Callon Petroleum Operating Company,2024,7,18,28,40,30
42329001450001,Callon Petroleum Operating Company,2024,8,3,5,2,30
42329001450001,Callon Petroleum Operating Company,2024,9,0,0,0,0
42329001450001,Callon Petroleum Operating Company,2024,10,0,0,0,0
42329001460002,Endeavor Energy Resources LP,2024,1,6218,8139,15388,30
42329001460002,Endeavor Energy Resources LP,2024,2,4409,5136,2229,30
42329001460002,Endeavor Energy Resources LP,2024,3,2842,4623,6537,30
42329001460002,Endeavor Energy Resources LP,2024,4,1419,2459,2444,30
42329001460002,Endeavor Energy Resources LP,2024,5,632,1239,878,30
42329001460002,Endeavor Energy Resources LP,2024,6,207,361,21,30
42329001460002,Endeavor Energy Resources LP,2024,7,62,67,92,30
42329001460002,Endeavor Energy Resources LP,2024,8,16,15,32,30
42329001460002,Endeavor Energy Resources LP,2024,9,3,4,4,30
42329001460002,Endeavor Energy Resources LP,2024,10,0,0,0,0
42329001470000,Independence Resources Management LLC,2024,1,7598,4923,17508,30
42329001470000,Independence Resources Management LLC,2024,2,5878,6436,2348,30
42329001470000,Independence Resources Management LLC,2024,3,3472,4867,1258,30
42329001470000,Independence Resources Management LLC,2024,4,1725,2230,1537,30
42329001470000,Independence Resources Management LLC,2024,5,920,1498,1378,30
42329001470000,Independence Resources Management LLC,2024,6,360,601,96,30
42329001470000,Independence Resources Management LLC,2024,7,108,84,163,30
42329001470000,Independence Resources Management LLC,2024,8,34,41,74,30
42329001470000,Independence Resources Management LLC,2024,9,7,8,14,30
42329001470000,Independence Resources Management LLC,2024,10,1,1,1,30
42329001480002,Parsley Energy Operations LLC,2024,1,2357,3335,3410,30
42329001480002,Parsley Energy Operations LLC,2024,2,1674,2521,1571,30
42329001480002,Parsley Energy Operations LLC,2024,3,1150,1665,2854,30
42329001480002,Parsley Energy Operations LLC,2024,4,578,1029,380,30
42329001480002,Parsley Energy Operations LLC,2024,5,199,106,389,30
42329001480002,Parsley Energy Operations LLC,2024,6,76,129,43,30
42329001480002,Parsley Energy Operations LLC,2024,7,20,15,6,30
42329001480002,Parsley Energy Operations LLC,2024,8,5,4,4,30
42329001480002,Parsley Energy Operations LLC,2024,9,1,0,0,30
42329001480002,Parsley Energy Operations LLC,2024,10,0,0,0,0
42329001490001,Permian Resources Operating LLC,2024,1,7423,12233,1021,30
42329001490001,Permian Resources Operating LLC,2024,2,5723,4830,12747,30
42329001490001,Permian Resources Operating LLC,2024,3,4500,2371,8900,30
42329001490001,Permian Resources Operating LLC,2024,4,2795,4248,4565,30
42329001490001,Permian Resources Operating LLC,2024,5,1856,1002,4374,30
42329001490001,Permian Resources Operating LLC,2024,6,824,852,1635,30
42329001490001,Permian Resources Operating LLC,2024,7,446,574,741,30
42329001490001,Permian Resources Operating LLC,2024,8,175,239,75,30
42329001490001,Permian Resources Operating LLC,2024,9,65,125,132,30
42329001490001,Permian Resources Operating LLC,2024,10,22,31,21,30
42329001500100,Cimarex Energy Company,2024,1,5246,7003,9064,30
42329001500100,Cimarex Energy Company,2024,2,4488,6799,3203,30
42329001500100,Cimarex Energy Company,2024,3,2334,4609,2364,30
42329001500100,Cimarex Energy Company,2024,4,1066,1608,2125,30
42329001500100,Cimarex Energy Company,2024,5,320,397,528,30
42329001500100,Cimarex Energy Company,2024,6,101,102,237,30
42329001500100,Cimarex Energy Company,2024,7,22,20,15,30
42329001500100,Cimarex Energy Company,2024,8,4,7,1,30
42329001500100,Cimarex Energy Company,2024,9,0,0,0,0
42329001500100,Cimarex Energy Company,2024,10,0,0,0,0
42329001510002,Pioneer Natural Resources USA Inc,2024,1,5369,7398,8654,30
42329001510002,Pioneer Natural Resources USA Inc,2024,2,4518,6108,9474,30
42329001510002,Pioneer Natural Resources USA Inc,2024,3,2448,2306,2795,30
42329001510002,Pioneer Natural Resources USA Inc,2024,4,1178,1533,2464,30
42329001510002,Pioneer Natural Resources USA Inc,2024,5,494,770,420,30
42329001510002,Pioneer Natural Resources USA Inc,2024,6,190,154,32,30
42329001510002,Pioneer Natural Resources USA Inc,2024,7,52,96,106,30
42329001510002,Pioneer Natural Resources USA Inc,2024,8,16,23,15,30
42329001510002,Pioneer Natural Resources USA Inc,2024,9,3,4,0,30
42329001510002,Pioneer Natural Resources USA Inc,2024,10,0,0,0,0
42329001520001,Diamondback E&P LLC,2024,1,3327,5309,585,30
42329001520001,Diamondback E&P LLC,2024,2,2674,1465,5165,30
42329001520001,Diamondback E&P LLC,2024,3,1731,1947,1498,30
42329001520001,Diamondback E&P LLC,2024,4,1178,732,1138,30
42329001520001,Diamondback E&P LLC,2024,5,551,1088,97,30
42329001520001,Diamondback E&P LLC,2024,6,253,217,348,30
42329001520001,Diamondback E&P LLC,2024,7,120,158,145,30
42329001520001,Diamondback E&P LLC,2024,8,39,78,80,30
42329001520001,Diamondback E&P LLC,2024,9,13,7,15,30
42329001520001,Diamondback E&P LLC,2024,10,3,3,1,30
42329001530000,Cimarex Energy Company,2024,1,8722,16606,972,30
42329001530000,Cimarex Energy Company,2024,2,6403,10571,14860,30
42329001530000,Cimarex Energy Company,2024,3,4308,2709,4790,30
42329001530000,Cimarex Energy Company,2024,4,2161,2562,3115,30
42329001530000,Cimarex Energy Company,2024,5,844,1028,307,30
42329001530000,Cimarex Energy Company,2024,6,261,150,449,30
42329001530000,Cimarex Energy Company,2024,7,66,126,117,30
42329001530000,Cimarex Energy Company,2024,8,16,8,13,30
42329001530000,Cimarex Energy Company,2024,9,2,2,0,30
42329001530000,Cimarex Energy Company,2024,10,0,0,0,0
42329001540000,Diamondback E&P LLC,2024,1,2717,2404,784,30
42329001540000,Diamondback E&P LLC,2024,2,2387,4719,4391,30
42329001540000,Diamondback E&P LLC,2024,3,1584,1116,582,30
42329001540000,Diamondback E&P LLC,2024,4,1023,1011,1714,30
42329001540000,Diamondback E&P LLC,2024,5,528,886,89,30
42329001540000,Diamondback E&P LLC,2024,6,220,185,233,30
42329001540000,Diamondback E&P LLC,2024,7,89,78,197,30
42329001540000,Diamondback E&P LLC,2024,8,34,35,15,30
42329001540000,Diamondback E&P LLC,2024,9,12,16,25,30
42329001540000,Diamondback E&P LLC,2024,10,3,3,6,30
42329001550000,Devon Energy Production Company LP,2024,1,7996,13881,16608,30
42329001550000,Devon Energy Production Company LP,2024,2,5921,10545,1740,30
42329001550000,Devon Energy Production Company LP,2024,3,3495,3407,3068,30
42329001550000,Devon Energy Production Company LP,2024,4,1833,1209,2280,30
42329001550000,Devon Energy Production Company LP,2024,5,649,728,600,30
42329001550000,Devon Energy Production Company LP,2024,6,200,246,170,30
42329001550000,Devon Energy Production Company LP,2024,7,58,110,36,30
42329001550000,Devon Energy Production Company LP,2024,8,11,15,19,30
42329001550000,Devon Energy Production Company LP,2024,9,2,2,0,30
42329001550000,Devon Energy Production Company LP,2024,10,0,0,0,0
42329001560000,Apache Corporation,2024,1,2059,2822,1477,30
42329001560000,Apache Corporation,2024,2,1859,1314,961,30
42329001560000,Apache Corporation,2024,3,1033,1413,174,30
42329001560000,Apache Corporation,2024,4,562,577,765,30
42329001560000,Apache Corporation,2024,5,276,426,673,30
42329001560000,Apache Corporation,2024,6,114,209,132,30
42329001560000,Apache Corporation,2024,7,44,36,5,30
42329001560000,Apache Corporation,2024,8,12,21,28,30
42329001560000,Apache Corporation,2024,9,3,4,4,30
42329001560000,Apache Corporation,2024,10,0,0,0,0
42329001570102,Matador Production Company,2024,1,5572,4413,12829,30
42329001570102,Matador Production Company,2024,2,4352,3290,9985,30
42329001570102,Matador Production Company,2024,3,2853,5537,5239,30
42329001570102,Matador Production Company,2024,4,1924,2697,1243,30
42329001570102,Matador Production Company,2024,5,1006,708,2388,30
42329001570102,Matador Production Company,2024,6,388,364,299,30
42329001570102,Matador Production Company,2024,7,139,134,290,30
42329001570102,Matador Production Company,2024,8,49,77,113,30
42329001570102,Matador Production Company,2024,9,15,23,35,30
42329001570102,Matador Production Company,2024,10,4,4,5,30
42329001580001,Apache Corporation,2024,1,8525,8712,3563,30
42329001580001,Apache Corporation,2024,2,6708,8317,13020,30
42329001580001,Apache Corporation,2024,3,4172,5857,4208,30
42329001580001,Apache Corporation,2024,4,1756,1541,2731,30
42329001580001,Apache Corporation,2024,5,655,412,238,30
42329001580001,Apache Corporation,2024,6,228,268,183,30
42329001580001,Apache Corporation,2024,7,53,29,100,30
42329001580001,Apache Corporation,2024,8,12,21,8,30
42329001580001,Apache Corporation,2024,9,2,1,2,30
42329001580001,Apache Corporation,2024,10,0,0,0,0
42329001590001,Occidental Petroleum Corporation,2024,1,4889,6526,2214,30
42329001590001,Occidental Petroleum Corporation,2024,2,3420,5803,1283,30
42329001590001,Occidental Petroleum Corporation,2024,3,2350,4413,5514,30
42329001590001,Occidental Petroleum Corporation,2024,4,1577,2740,636,30
42329001590001,Occidental Petroleum Corporation,2024,5,725,866,1479,30
42329001590001,Occidental Petroleum Corporation,2024,6,378,538,231,30
42329001590001,Occidental Petroleum Corporation,2024,7,133,110,175,30
42329001590001,Occidental Petroleum Corporation,2024,8,42,57,18,30
42329001590001,Occidental Petroleum Corporation,2024,9,14,24,4,30
42329001590001,Occidental Petroleum Corporation,2024,10,3,1,5,30
42329001600000,Parsley Energy Operations LLC,2024,1,5511,4298,8022,30
42329001600000,Parsley Energy Operations LLC,2024,2,4251,8064,5028,30
42329001600000,Parsley Energy Operations LLC,2024,3,3151,1581,3658,30
42329001600000,Parsley Energy Operations LLC,2024,4,1674,1838,1558,30
42329001600000,Parsley Energy Operations LLC,2024,5,888,1525,1666,30
42329001600000,Parsley Energy Operations LLC,2024,6,378,752,111,30
42329001600000,Parsley Energy Operations LLC,2024,7,150,135,35,30
42329001600000,Parsley Energy Operations LLC,2024,8,53,56,45,30
42329001600000,Parsley Energy Operations LLC,2024,9,13,6,26,30
42329001600000,Parsley Energy Operations LLC,2024,10,3,2,0,30
42329001610000,Devon Energy Production Company LP,2024,1,8091,10615,1726,30
42329001610000,Devon Energy Production Company LP,2024,2,6235,11397,12282,30
42329001610000,Devon Energy Production Company LP,2024,3,3440,3636,414,30
42329001610000,Devon Energy Production Company LP,2024,4,1799,3547,3585,30
42329001610000,Devon Energy Production Company LP,2024,5,872,923,941,30
42329001610000,Devon Energy Production Company LP,2024,6,293,560,352,30
42329001610000,Devon Energy Production Company LP,2024,7,94,113,76,30
42329001610000,Devon Energy Production Company LP,2024,8,21,13,29,30
42329001610000,Devon Energy Production Company LP,2024,9,5,9,2,30
42329001610000,Devon Energy Production Company LP,2024,10,1,1,1,30
42329001620000,Centennial Resource Production LLC,2024,1,3737,1887,1257,30
42329001620000,Centennial Resource Production LLC,2024,2,3079,4914,5166,30
42329001620000,Centennial Resource Production LLC,2024,3,2137,1807,2068,30
42329001620000,Centennial Resource Production LLC,2024,4,1666,1637,861,30
42329001620000,Centennial Resource Production LLC,2024,5,884,1437,1658,30
42329001620000,Centennial Resource Production LLC,2024,6,464,882,860,30
42329001620000,Centennial Resource Production LLC,2024,7,226,423,232,30
42329001620000,Centennial Resource Production LLC,2024,8,95,71,174,30
42329001620000,Centennial Resource Production LLC,2024,9,42,75,45,30
42329001620000,Centennial Resource Production LLC,2024,10,14,18,29,30
42329001630001,Apache Corporation,2024,1,3352,2939,706,30
42329001630001,Apache Corporation,2024,2,2668,1459,2530,30
42329001630001,Apache Corporation,2024,3,1805,1200,1293,30
42329001630001,Apache Corporation,2024,4,919,1808,311,30
42329001630001,Apache Corporation,2024,5,405,244,979,30
42329001630001,Apache Corporation,2024,6,154,79,184,30
42329001630001,Apache Corporation,2024,7,53,73,36,30
42329001630001,Apache Corporation,2024,8,16,26,15,30
42329001630001,Apache Corporation,2024,9,4,2,8,30
42329001630001,Apache Corporation,2024,10,1,1,1,30
42329001640102,Laredo Petroleum Inc,2024,1,4981,8666,6147,30
42329001640102,Laredo Petroleum Inc,2024,2,3704,6530,3885,30
42329001640102,Laredo Petroleum Inc,2024,3,2534,3023,2622,30
42329001640102,Laredo Petroleum Inc,2024,4,1669,1226,2570,30
42329001640102,Laredo Petroleum Inc,2024,5,819,1169,922,30
42329001640102,Laredo Petroleum Inc,2024,6,342,225,228,30
42329001640102,Laredo Petroleum Inc,2024,7,132,186,245,30
42329001640102,Laredo Petroleum Inc,2024,8,39,28,68,30
42329001640102,Laredo Petroleum Inc,2024,9,11,20,14,30
42329001640102,Laredo Petroleum Inc,2024,10,3,4,5,30
42329001650000,Centennial Resource Production LLC,2024,1,5399,8719,11502,30
42329001650000,Centennial Resource Production LLC,2024,2,4572,7196,5700,30
42329001650000,Centennial Resource Production LLC,2024,3,3258,3538,6762,30
42329001650000,Centennial Resource Production LLC,2024,4,1812,1078,902,30
42329001650000,Centennial Resource Production LLC,2024,5,763,599,474,30
42329001650000,Centennial Resource Production LLC,2024,6,289,532,672,30
42329001650000,Centennial Resource Production LLC,2024,7,95,103,161,30
42329001650000,Centennial Resource Production LLC,2024,8,30,19,24,30
42329001650000,Centennial Resource Production LLC,2024,9,7,9,15,30
42329001650000,Centennial Resource Production LLC,2024,10,1,0,1,30
42329001660001,Callon Petroleum Operating Company,2024,1,3714,4872,9198,30
42329001660001,Callon Petroleum Operating Company,2024,2,3276,4465,1956,30
42329001660001,Callon Petroleum Operating Company,2024,3,1866,2520,1359,30
42329001660001,Callon Petroleum Operating Company,2024,4,888,492,1882,30
42329001660001,Callon Petroleum Operating Company,2024,5,400,518,340,30
42329001660001,Callon Petroleum Operating Company,2024,6,160,256,391,30
42329001660001,Callon Petroleum Operating Company,2024,7,47,60,71,30
42329001660001,Callon Petroleum Operating Company,2024,8,13,19,30,30
42329001660001,Callon Petroleum Operating Company,2024,9,3,2,3,30
42329001660001,Callon Petroleum Operating Company,2024,10,0,0,0,0
42329001670102,Apache Corporation,2024,1,3264,6355,8064,30
42329001670102,Apache Corporation,2024,2,2950,5062,1099,30
42329001670102,Apache Corporation,2024,3,1937,3521,973,30
42329001670102,Apache Corporation,2024,4,1415,874,1443,30
42329001670102,Apache Corporation,2024,5,820,1414,520,30
42329001670102,Apache Corporation,2024,6,375,236,76,30
42329001670102,Apache Corporation,2024,7,184,191,40,30
42329001670102,Apache Corporation,2024,8,86,163,38,30
42329001670102,Apache Corporation,2024,9,31,21,9,30
42329001670102,Apache Corporation,2024,10,9,12,4,30
42329001680101,ConocoPhillips Company,2024,1,4460,7827,8250,30
42329001680101,ConocoPhillips Company,2024,2,4181,8316,5642,30
42329001680101,ConocoPhillips Company,2024,3,2951,2998,6192,30
42329001680101,ConocoPhillips Company,2024,4,1886,2785,4236,30
42329001680101,ConocoPhillips Company,2024,5,1107,1871,1742,30
42329001680101,ConocoPhillips Company,2024,6,474,842,730,30
42329001680101,ConocoPhillips Company,2024,7,188,215,91,30
42329001680101,ConocoPhillips Company,2024,8,84,65,29,30
42329001680101,ConocoPhillips Company,2024,9,26,19,9,30
42329001680101,ConocoPhillips Company,2024,10,8,12,17,30
42329001690002,SM Energy Company,2024,1,5420,10552,4618,30
42329001690002,SM Energy Company,2024,2,4920,4910,1610,30
42329001690002,SM Energy Company,2024,3,3363,4489,1951,30
42329001690002,SM Energy Company,2024,4,2053,1420,1033,30
42329001690002,SM Energy Company,2024,5,992,1432,2434,30
42329001690002,SM Energy Company,2024,6,355,443,745,30
42329001690002,SM Energy Company,2024,7,135,191,278,30
42329001690002,SM Energy Company,2024,8,46,62,16,30
42329001690002,SM Energy Company,2024,9,15,25,12,30
42329001690002,SM Energy Company,2024,10,4,5,2,30
42329001700102,Callon Petroleum Operating Company,2024,1,4961,4583,8151,30
42329001700102,Callon Petroleum Operating Company,2024,2,4474,2353,5811,30
42329001700102,Callon Petroleum Operating Company,2024,3,2835,3889,7026,30
42329001700102,Callon Petroleum Operating Company,2024,4,1533,1857,846,30
42329001700102,Callon Petroleum Operating Company,2024,5,753,1429,1332,30
42329001700102,Callon Petroleum Operating Company,2024,6,259,190,267,30
42329001700102,Callon Petroleum Operating Company,2024,7,103,197,58,30
42329001700102,Callon Petroleum Operating Company,2024,8,35,26,70,30
42329001700102,Callon Petroleum Operating Company,2024,9,9,8,2,30
42329001700102,Callon Petroleum Operating Company,2024,10,2,3,4,30
42329001710101,Occidental Petroleum Corporation,2024,1,4648,8938,5162,30
42329001710101,Occidental Petroleum Corporation,2024,2,4077,3995,7062,30
42329001710101,Occidental Petroleum Corporation,2024,3,2548,4331,3606,30
42329001710101,Occidental Petroleum Corporation,2024,4,1678,1263,784,30
42329001710101,Occidental Petroleum Corporation,2024,5,829,887,2070,30
42329001710101,Occidental Petroleum Corporation,2024,6,403,381,624,30
42329001710101,Occidental Petroleum Corporation,2024,7,165,134,74,30
42329001710101,Occidental Petroleum Corporation,2024,8,65,75,127,30
42329001710101,Occidental Petroleum Corporation,2024,9,21,25,7,30
42329001710101,Occidental Petroleum Corporation,2024,10,6,6,1,30
42329001720002,Marathon Oil Company,2024,1,7105,13783,17616,30
42329001720002,Marathon Oil Company,2024,2,5182,10089,2854,30
42329001720002,Marathon Oil Company,2024,3,3273,1885,1281,30
42329001720002,Marathon Oil Company,2024,4,1635,2632,1714,30
42329001720002,Marathon Oil Company,2024,5,664,1108,1019,30
42329001720002,Marathon Oil Company,2024,6,231,284,166,30
42329001720002,Marathon Oil Company,2024,7,69,63,126,30
42329001720002,Marathon Oil Company,2024,8,18,29,12,30
42329001720002,Marathon Oil Company,2024,9,4,3,1,30
42329001720002,Marathon Oil Company,2024,10,0,0,0,0
42329001730000,Cimarex Energy Company,2024,1,2319,3909,3228,30
42329001730000,Cimarex Energy Company,2024,2,1784,1386,2874,30
42329001730000,Cimarex Energy Company,2024,3,1186,2363,209,30
42329001730000,Cimarex Energy Company,2024,4,583,1020,905,30
42329001730000,Cimarex Energy Company,2024,5,292,251,521,30
42329001730000,Cimarex Energy Company,2024,6,93,134,117,30
42329001730000,Cimarex Energy Company,2024,7,35,30,31,30
42329001730000,Cimarex Energy Company,2024,8,10,6,11,30
42329001730000,Cimarex Energy Company,2024,9,2,3,0,30
42329001730000,Cimarex Energy Company,2024,10,0,0,0,0
42329001740002,Apache Corporation,2024,1,6788,7147,2211,30
42329001740002,Apache Corporation,2024,2,5024,8857,6835,30
42329001740002,Apache Corporation,2024,3,3494,6911,2274,30
42329001740002,Apache Corporation,2024,4,1785,1115,1942,30
42329001740002,Apache Corporation,2024,5,823,825,447,30
42329001740002,Apache Corporation,2024,6,302,295,344,30
42329001740002,Apache Corporation,2024,7,122,137,276,30
42329001740002,Apache Corporation,2024,8,32,22,71,30
42329001740002,Apache Corporation,2024,9,8,5,13,30
42329001740002,Apache Corporation,2024,10,2,2,1,30
42329001750000,Marathon Oil Company,2024,1,2710,3300,4833,30
42329001750000,Marathon Oil Company,2024,2,2417,1658,926,30
42329001750000,Marathon Oil Company,2024,3,1678,2607,1882,30
42329001750000,Marathon Oil Company,2024,4,902,570,2211,30
42329001750000,Marathon Oil Company,2024,5,482,652,1193,30
42329001750000,Marathon Oil Company,2024,6,246,126,386,30
42329001750000,Marathon Oil Company,2024,7,100,167,78,30
42329001750000,Marathon Oil Company,2024,8,31,35,39,30
42329001750000,Marathon Oil Company,2024,9,12,10,19,30
42329001750000,Marathon Oil Company,2024,10,3,5,5,30
42329001760002,Callon Petroleum Operating Company,2024,1,3855,2482,636,30
42329001760002,Callon Petroleum Operating Company,2024,2,3548,3221,3065,30
42329001760002,Callon Petroleum Operating Company,2024,3,2403,2773,3795,30
42329001760002,Callon Petroleum Operating Company,2024,4,1260,1097,2392,30
42329001760002,Callon Petroleum Operating Company,2024,5,595,1020,1473,30
42329001760002,Callon Petroleum Operating Company,2024,6,242,138,392,30
42329001760002,Callon Petroleum Operating Company,2024,7,94,80,63,30
42329001760002,Callon Petroleum Operating Company,2024,8,28,35,50,30
42329001760002,Callon Petroleum Operating Company,2024,9,7,9,10,30
42329001760002,Callon Petroleum Operating Company,2024,10,2,2,3,30
42329001770002,Apache Corporation,2024,1,5997,6746,2424,30
42329001770002,Apache Corporation,2024,2,5215,9585,8418,30
42329001770002,Apache Corporation,2024,3,3357,2699,2704,30
42329001770002,Apache Corporation,2024,4,2032,2590,2274,30
42329001770002,Apache Corporation,2024,5,1248,1077,1659,30
42329001770002,Apache Corporation,2024,6,569,502,425,30
42329001770002,Apache Corporation,2024,7,204,181,119,30
42329001770002,Apache Corporation,2024,8,80,89,137,30
42329001770002,Apache Corporation,2024,9,26,41,40,30
42329001770002,Apache Corporation,2024,10,7,6,5,30
42329001780000,Centennial Resource Production LLC,2024,1,5517,7089,13048,30
42329001780000,Centennial Resource Production LLC,2024,2,4955,3830,7089,30
42329001780000,Centennial Resource Production LLC,2024,3,2946,3544,441,30
42329001780000,Centennial Resource Production LLC,2024,4,1613,1693,951,30
42329001780000,Centennial Resource Production LLC,2024,5,869,472,1291,30
42329001780000,Centennial Resource Production LLC,2024,6,405,490,199,30
42329001780000,Centennial Resource Production LLC,2024,7,155,254,251,30
42329001780000,Centennial Resource Production LLC,2024,8,46,72,93,30
42329001780000,Centennial Resource Production LLC,2024,9,14,17,21,30
42329001780000,Centennial Resource Production LLC,2024,10,4,5,8,30
42329001790101,Laredo Petroleum Inc,2024,1,2265,3558,1321,30
42329001790101,Laredo Petroleum Inc,2024,2,1722,993,3321,30
42329001790101,Laredo Petroleum Inc,2024,3,1191,2030,1091,30
42329001790101,Laredo Petroleum Inc,2024,4,725,564,1030,30
42329001790101,Laredo Petroleum Inc,2024,5,369,528,224,30
42329001790101,Laredo Petroleum Inc,2024,6,204,216,503,30
42329001790101,Laredo Petroleum Inc,2024,7,79,157,123,30
42329001790101,Laredo Petroleum Inc,2024,8,28,37,47,30
42329001790101,Laredo Petroleum Inc,2024,9,10,15,24,30
42329001790101,Laredo Petroleum Inc,2024,10,3,4,3,30
42329001800000,Devon Energy Production Company LP,2024,1,6345,4238,1864,30
42329001800000,Devon Energy Production Company LP,2024,2,4657,4377,9389,30
42329001800000,Devon Energy Production Company LP,2024,3,3040,3140,6112,30
42329001800000,Devon Energy Production Company LP,2024,4,1409,2770,3293,30
42329001800000,Devon Energy Production Company LP,2024,5,575,814,199,30
42329001800000,Devon Energy Production Company LP,2024,6,184,239,230,30
42329001800000,Devon Energy Production Company LP,2024,7,45,55,49,30
42329001800000,Devon Energy Production Company LP,2024,8,9,17,7,30
42329001800000,Devon Energy Production Company LP,2024,9,2,3,1,30
42329001800000,Devon Energy Production Company LP,2024,10,0,0,0,0
42329001810000,ConocoPhillips Company,2024,1,5220,8759,7000,30
42329001810000,ConocoPhillips Company,2024,2,3519,1893,7808,30
42329001810000,ConocoPhillips Company,2024,3,2219,2372,1948,30
42329001810000,ConocoPhillips Company,2024,4,936,499,1544,30
42329001810000,ConocoPhillips Company,2024,5,301,402,325,30
42329001810000,ConocoPhillips Company,2024,6,96,187,142,30
42329001810000,ConocoPhillips Company,2024,7,24,23,30,30
42329001810000,ConocoPhillips Company,2024,8,4,4,0,30
42329001810000,ConocoPhillips Company,2024,9,0,0,0,0
42329001810000,ConocoPhillips Company,2024,10,0,0,0,0
42329001820002,Apache Corporation,2024,1,7064,11323,6194,30
42329001820002,Apache Corporation,2024,2,5148,10012,12857,30
42329001820002,Apache Corporation,2024,3,3413,4696,6440,30
42329001820002,Apache Corporation,2024,4,1872,2377,4116,30
42329001820002,Apache Corporation,2024,5,831,927,1108,30
42329001820002,Apache Corporation,2024,6,311,200,500,30
42329001820002,Apache Corporation,2024,7,110,111,147,30
42329001820002,Apache Corporation,2024,8,33,35,48,30
42329001820002,Apache Corporation,2024,9,11,14,23,30
42329001820002,Apache Corporation,2024,10,2,1,3,30
42329001830002,Centennial Resource Production LLC,2024,1,3177,1598,6105,30
42329001830002,Centennial Resource Production LLC,2024,2,2185,3967,5046,30
42329001830002,Centennial Resource Production LLC,2024,3,1479,1856,671,30
42329001830002,Centennial Resource Production LLC,2024,4,945,1842,1205,30
42329001830002,Centennial Resource Production LLC,2024,5,414,503,562,30
42329001830002,Centennial Resource Production LLC,2024,6,168,247,36,30
42329001830002,Centennial Resource Production LLC,2024,7,57,53,58,30
42329001830002,Centennial Resource Production LLC,2024,8,14,18,6,30
42329001830002,Centennial Resource Production LLC,2024,9,4,3,7,30
42329001830002,Centennial Resource Production LLC,2024,10,0,0,0,0
42329001840001,Cimarex Energy Company,2024,1,8533,11630,2671,30
42329001840001,Cimarex Energy Company,2024,2,7128,13985,15120,30
42329001840001,Cimarex Energy Company,2024,3,5018,2995,5903,30
42329001840001,Cimarex Energy Company,2024,4,2883,2738,6087,30
42329001840001,Cimarex Energy Company,2024,5,1290,1824,1062,30
42329001840001,Cimarex Energy Company,2024,6,584,718,704,30
42329001840001,Cimarex Energy Company,2024,7,222,305,114,30
42329001840001,Cimarex Energy Company,2024,8,65,87,145,30
42329001840001,Cimarex Energy Company,2024,9,18,23,12,30
42329001840001,Cimarex Energy Company,2024,10,5,6,5,30
42329001850102,Chevron USA Inc,2024,1,3389,3673,7165,30
42329001850102,Chevron USA Inc,2024,2,2780,5446,2508,30
42329001850102,Chevron USA Inc,2024,3,1592,2711,1512,30
42329001850102,Chevron USA Inc,2024,4,817,726,956,30
42329001850102,Chevron USA Inc,2024,5,375,540,745,30
42329001850102,Chevron USA Inc,2024,6,146,81,351,30
42329001850102,Chevron USA Inc,2024,7,47,46,58,30
42329001850102,Chevron USA Inc,2024,8,13,18,14,30
42329001850102,Chevron USA Inc,2024,9,3,4,2,30
42329001850102,Chevron USA Inc,2024,10,0,0,0,0
42329001860002,SM Energy Company,2024,1,2071,1281,4127,30
42329001860002,SM Energy Company,2024,2,1684,3059,3068,30
42329001860002,SM Energy Company,2024,3,895,1493,1917,30
42329001860002,SM Energy Company,2024,4,390,221,784,30
42329001860002,SM Energy Company,2024,5,133,167,140,30
42329001860002,SM Energy Company,2024,6,45,89,59,30
42329001860002,SM Energy Company,2024,7,11,10,20,30
42329001860002,SM Energy Company,2024,8,2,3,1,30
42329001860002,SM Energy Company,2024,9,0,0,0,0
42329001860002,SM Energy Company,2024,10,0,0,0,0
42329001870101,SM Energy Company,2024,1,0,0,0,0
42329001870101,SM Energy Company,2024,2,0,0,0,0
42329001870101,SM Energy Company,2024,3,0,0,0,0
42329001870101,SM Energy Company,2024,4,0,0,0,0
42329001870101,SM Energy Company,2024,5,0,0,0,0
42329001870101,SM Energy Company,2024,6,0,0,0,0
42329001870101,SM Energy Company,2024,7,0,0,0,0
42329001870101,SM Energy Company,2024,8,0,0,0,0
42329001870101,SM Energy Company,2024,9,0,0,0,0
42329001870101,SM Energy Company,2024,10,0,0,0,0
42329001880000,Permian Resources Operating LLC,2024,1,7180,4954,9518,30
42329001880000,Permian Resources Operating LLC,2024,2,5461,9971,5898,30
42329001880000,Permian Resources Operating LLC,2024,3,3651,5465,6226,30
42329001880000,Permian Resources Operating LLC,2024,4,2454,2635,4489,30
42329001880000,Permian Resources Operating LLC,2024,5,1187,2011,1291,30
42329001880000,Permian Resources Operating LLC,2024,6,467,875,776,30
42329001880000,Permian Resources Operating LLC,2024,7,185,237,261,30
42329001880000,Permian Resources Operating LLC,2024,8,61,48,109,30
42329001880000,Permian Resources Operating LLC,2024,9,18,9,33,30
42329001880000,Permian Resources Operating LLC,2024,10,5,9,2,30
42329001890100,Pioneer Natural Resources USA Inc,2024,1,5574,6047,12000,30
42329001890100,Pioneer Natural Resources USA Inc,2024,2,4612,5285,3540,30
42329001890100,Pioneer Natural Resources USA Inc,2024,3,2895,4299,5016,30
42329001890100,Pioneer Natural Resources USA Inc,2024,4,1600,2841,2214,30
42329001890100,Pioneer Natural Resources USA Inc,2024,5,783,671,1797,30
42329001890100,Pioneer Natural Resources USA Inc,2024,6,326,207,230,30
42329001890100,Pioneer Natural Resources USA Inc,2024,7,130,159,33,30
42329001890100,Pioneer Natural Resources USA Inc,2024,8,40,27,55,30
42329001890100,Pioneer Natural Resources USA Inc,2024,9,10,12,1,30
42329001890100,Pioneer Natural Resources USA Inc,2024,10,2,2,1,30
42329001900002,Centennial Resource Production LLC,2024,1,4717,2518,11000,30
42329001900002,Centennial Resource Production LLC,2024,2,4141,7768,2068,30
42329001900002,Centennial Resource Production LLC,2024,3,2663,5267,1710,30
42329001900002,Centennial Resource Production LLC,2024,4,1547,2371,1940,30
42329001900002,Centennial Resource Production LLC,2024,5,787,757,1662,30
42329001900002,Centennial Resource Production LLC,2024,6,343,229,476,30
42329001900002,Centennial Resource Production LLC,2024,7,125,237,222,30
42329001900002,Centennial Resource Production LLC,2024,8,41,54,44,30
42329001900002,Centennial Resource Production LLC,2024,9,13,19,16,30
42329001900002,Centennial Resource Production LLC,2024,10,3,2,1,30
42329001910102,Chevron USA Inc,2024,1,3059,4830,6001,30
42329001910102,Chevron USA Inc,2024,2,2434,3032,3968,30
42329001910102,Chevron USA Inc,2024,3,1401,2689,539,30
42329001910102,Chevron USA Inc,2024,4,631,1026,975,30
42329001910102,Chevron USA Inc,2024,5,274,329,603,30
42329001910102,Chevron USA Inc,2024,6,79,139,18,30
42329001910102,Chevron USA Inc,2024,7,21,35,28,30
42329001910102,Chevron USA Inc,2024,8,5,9,11,30
42329001910102,Chevron USA Inc,2024,9,1,0,2,30
42329001910102,Chevron USA Inc,2024,10,0,0,0,0
42329001920002,Endeavor Energy Resources LP,2024,1,3981,6652,1274,30
42329001920002,Endeavor Energy Resources LP,2024,2,2946,5794,5706,30
42329001920002,Endeavor Energy Resources LP,2024,3,1993,3984,464,30
42329001920002,Endeavor Energy Resources LP,2024,4,1226,1104,2948,30
42329001920002,Endeavor Energy Resources LP,2024,5,570,360,1177,30
42329001920002,Endeavor Energy Resources LP,2024,6,253,325,140,30
42329001920002,Endeavor Energy Resources LP,2024,7,114,86,203,30
42329001920002,Endeavor Energy Resources LP,2024,8,38,32,32,30
42329001920002,Endeavor Energy Resources LP,2024,9,11,9,3,30
42329001920002,Endeavor Energy Resources LP,2024,10,3,5,6,30
42329001930002,EOG Resources Inc,2024,1,6604,13089,7025,30
42329001930002,EOG Resources Inc,2024,2,5283,4765,3691,30
42329001930002,EOG Resources Inc,2024,3,3434,4052,7617,30
42329001930002,EOG Resources Inc,2024,4,1698,2086,1646,30
42329001930002,EOG Resources Inc,2024,5,819,499,1953,30
42329001930002,EOG Resources Inc,2024,6,368,425,234,30
42329001930002,EOG Resources Inc,2024,7,144,127,34,30
42329001930002,EOG Resources Inc,2024,8,46,51,37,30
42329001930002,EOG Resources Inc,2024,9,13,18,15,30
42329001930002,EOG Resources Inc,2024,10,3,2,5,30
42329001940002,EOG Resources Inc,2024,1,2506,2809,970,30
42329001940002,EOG Resources Inc,2024,2,1946,3197,3659,30
42329001940002,EOG Resources Inc,2024,3,1070,937,1641,30
42329001940002,EOG Resources Inc,2024,4,560,392,245,30
42329001940002,EOG Resources Inc,2024,5,204,358,440,30
42329001940002,EOG Resources Inc,2024,6,71,122,52,30
42329001940002,EOG Resources Inc,2024,7,23,18,5,30
42329001940002,EOG Resources Inc,2024,8,5,5,8,30
42329001940002,EOG Resources Inc,2024,9,1,1,2,30
42329001940002,EOG Resources Inc,2024,10,0,0,0,0
42329001950002,SM Energy Company,2024,1,3052,2295,3268,30
42329001950002,SM Energy Company,2024,2,2380,1877,2622,30
42329001950002,SM Energy Company,2024,3,1230,1883,2853,30
42329001950002,SM Energy Company,2024,4,702,569,1227,30
42329001950002,SM Energy Company,2024,5,282,506,576,30
42329001950002,SM Energy Company,2024,6,96,117,223,30
42329001950002,SM Energy Company,2024,7,28,37,14,30
42329001950002,SM Energy Company,2024,8,7,8,14,30
42329001950002,SM Energy Company,2024,9,1,1,1,30
42329001950002,SM Energy Company,2024,10,0,0,0,0
42329001960001,SM Energy Company,2024,1,3086,2379,4391,30
42329001960001,SM Energy Company,2024,2,2414,3459,526,30
42329001960001,SM Energy Company,2024,3,1301,1186,623,30
42329001960001,SM Energy Company,2024,4,760,427,161,30
42329001960001,SM Energy Company,2024,5,307,559,517,30
42329001960001,SM Energy Company,2024,6,133,139,191,30
42329001960001,SM Energy Company,2024,7,42,73,53,30
42329001960001,SM Energy Company,2024,8,13,9,9,30
42329001960001,SM Energy Company,2024,9,3,2,4,30
42329001960001,SM Energy Company,2024,10,0,0,0,0
42329001970101,Diamondback E&P LLC,2024,1,4178,5339,858,30
42329001970101,Diamondback E&P LLC,2024,2,3245,5292,547,30
42329001970101,Diamondback E&P LLC,2024,3,2737,2386,1995,30
42329001970101,Diamondback E&P LLC,2024,4,1750,2374,3464,30
42329001970101,Diamondback E&P LLC,2024,5,1001,1116,2229,30
42329001970101,Diamondback E&P LLC,2024,6,445,462,526,30
42329001970101,Diamondback E&P LLC,2024,7,252,331,444,30
42329001970101,Diamondback E&P LLC,2024,8,108,188,261,30
42329001970101,Diamondback E&P LLC,2024,9,43,25,78,30
42329001970101,Diamondback E&P LLC,2024,10,14,7,10,30
42329001980000,Pioneer Natural Resources USA Inc,2024,1,3410,5606,4368,30
42329001980000,Pioneer Natural Resources USA Inc,2024,2,2672,4117,6210,30
42329001980000,Pioneer Natural Resources USA Inc,2024,3,1755,2467,3241,30
42329001980000,Pioneer Natural Resources USA Inc,2024,4,809,1035,755,30
42329001980000,Pioneer Natural Resources USA Inc,2024,5,337,649,828,30
42329001980000,Pioneer Natural Resources USA Inc,2024,6,130,228,207,30
42329001980000,Pioneer Natural Resources USA Inc,2024,7,43,42,11,30
42329001980000,Pioneer Natural Resources USA Inc,2024,8,11,14,18,30
42329001980000,Pioneer Natural Resources USA Inc,2024,9,2,1,2,30
42329001980000,Pioneer Natural Resources USA Inc,2024,10,0,0,0,0
42329001990001,Pioneer Natural Resources USA Inc,2024,1,2034,3421,3207,30
42329001990001,Pioneer Natural Resources USA Inc,2024,2,1709,1603,2258,30
42329001990001,Pioneer Natural Resources USA Inc,2024,3,862,796,767,30
42329001990001,Pioneer Natural Resources USA Inc,2024,4,392,774,726,30
42329001990001,Pioneer Natural Resources USA Inc,2024,5,151,236,227,30
42329001990001,Pioneer Natural Resources USA Inc,2024,6,39,45,72,30
42329001990001,Pioneer Natural Resources USA Inc,2024,7,9,14,4,30
42329001990001,Pioneer Natural Resources USA Inc,2024,8,1,1,1,30
42329001990001,Pioneer Natural Resources USA Inc,2024,9,0,0,0,0
42329001990001,Pioneer Natural Resources USA Inc,2024,10,0,0,0,0
42329002000001,ConocoPhillips Company,2024,1,4296,5060,7942,30
42329002000001,ConocoPhillips Company,2024,2,3365,2550,5646,30
42329002000001,ConocoPhillips Company,2024,3,2067,2699,2654,30
42329002000001,ConocoPhillips Company,2024,4,1102,1806,786,30
42329002000001,ConocoPhillips Company,2024,5,487,752,935,30
42329002000001,ConocoPhillips Company,2024,6,166,220,341,30
42329002000001,ConocoPhillips Company,2024,7,57,90,108,30
42329002000001,ConocoPhillips Company,2024,8,14,18,29,30
42329002000001,ConocoPhillips Company,2024,9,3,3,3,30
42329002000001,ConocoPhillips Company,2024,10,0,0,0,0
42479002010100,Endeavor Energy Resources LP,2024,1,2691,2499,538,30
42479002010100,Endeavor Energy Resources LP,2024,2,2271,3506,3029,30
42479002010100,Endeavor Energy Resources LP,2024,3,1328,1824,1838,30
42479002010100,Endeavor Energy Resources LP,2024,4,881,977,1529,30
42479002010100,Endeavor Energy Resources LP,2024,5,418,570,528,30
42479002010100,Endeavor Energy Resources LP,2024,6,186,248,303,30
42479002010100,Endeavor Energy Resources LP,2024,7,68,103,9,30
42479002010100,Endeavor Energy Resources LP,2024,8,20,26,15,30
42479002010100,Endeavor Energy Resources LP,2024,9,6,9,3,30
42479002010100,Endeavor Energy Resources LP,2024,10,1,1,1,30
42479002020002,Matador Production Company,2024,1,4108,7940,6549,30
42479002020002,Matador Production Company,2024,2,3550,3770,4934,30
42479002020002,Matador Production Company,2024,3,2321,3332,5609,30
42479002020002,Matador Production Company,2024,4,1528,1035,3698,30
42479002020002,Matador Production Company,2024,5,657,414,1178,30
42479002020002,Matador Production Company,2024,6,276,302,670,30
42479002020002,Matador Production Company,2024,7,109,140,189,30
42479002020002,Matador Production Company,2024,8,32,26,36,30
42479002020002,Matador Production Company,2024,9,9,10,17,30
42479002020002,Matador Production Company,2024,10,2,3,0,30
42479002030001,Centennial Resource Production LLC,2024,1,4542,6240,3044,30
42479002030001,Centennial Resource Production LLC,2024,2,3612,7148,429,30
42479002030001,Centennial Resource Production LLC,2024,3,2391,1439,3485,30
42479002030001,Centennial Resource Production LLC,2024,4,1031,951,971,30
42479002030001,Centennial Resource Production LLC,2024,5,452,692,932,30
42479002030001,Centennial Resource Production LLC,2024,6,166,103,349,30
42479002030001,Centennial Resource Production LLC,2024,7,45,58,89,30
42479002030001,Centennial Resource Production LLC,2024,8,11,6,3,30
42479002030001,Centennial Resource Production LLC,2024,9,2,2,2,30
42479002030001,Centennial Resource Production LLC,2024,10,0,0,0,0
42479002040002,Laredo Petroleum Inc,2024,1,2168,3017,3624,30
42479002040002,Laredo Petroleum Inc,2024,2,1606,963,3841,30
42479002040002,Laredo Petroleum Inc,2024,3,811,1457,1782,30
42479002040002,Laredo Petroleum Inc,2024,4,409,232,310,30
42479002040002,Laredo Petroleum Inc,2024,5,146,133,83,30
42479002040002,Laredo Petroleum Inc,2024,6,43,47,61,30
42479002040002,Laredo Petroleum Inc,2024,7,11,7,23,30
42479002040002,Laredo Petroleum Inc,2024,8,2,2,4,30
42479002040002,Laredo Petroleum Inc,2024,9,0,0,0,0
42479002040002,Laredo Petroleum Inc,2024,10,0,0,0,0
42479002050101,Chevron USA Inc,2024,1,5819,6092,13589,30
42479002050101,Chevron USA Inc,2024,2,4166,5519,6745,30
42479002050101,Chevron USA Inc,2024,3,2733,2137,3525,30
42479002050101,Chevron USA Inc,2024,4,1715,1025,2760,30
42479002050101,Chevron USA Inc,2024,5,732,674,767,30
42479002050101,Chevron USA Inc,2024,6,314,604,673,30
42479002050101,Chevron USA Inc,2024,7,119,132,190,30
42479002050101,Chevron USA Inc,2024,8,31,19,11,30
42479002050101,Chevron USA Inc,2024,9,10,19,4,30
42479002050101,Chevron USA Inc,2024,10,2,3,4,30
42479002060000,Laredo Petroleum Inc,2024,1,2893,5334,1799,30
42479002060000,Laredo Petroleum Inc,2024,2,2512,2519,5441,30
42479002060000,Laredo Petroleum Inc,2024,3,1769,3323,2287,30
42479002060000,Laredo Petroleum Inc,2024,4,903,1079,1986,30
42479002060000,Laredo Petroleum Inc,2024,5,439,712,190,30
42479002060000,Laredo Petroleum Inc,2024,6,224,184,230,30
42479002060000,Laredo Petroleum Inc,2024,7,78,105,56,30
42479002060000,Laredo Petroleum Inc,2024,8,27,47,26,30
42479002060000,Laredo Petroleum Inc,2024,9,9,13,14,30
42479002060000,Laredo Petroleum Inc,2024,10,2,2,1,30
42479002070001,Chevron USA Inc,2024,1,4645,5843,1228,30
42479002070001,Chevron USA Inc,2024,2,4433,7411,7652,30
42479002070001,Chevron USA Inc,2024,3,3279,3498,2680,30
42479002070001,Chevron USA Inc,2024,4,2360,2662,3657,30
42479002070001,Chevron USA Inc,2024,5,1489,1247,1360,30
42479002070001,Chevron USA Inc,2024,6,782,1467,266,30
42479002070001,Chevron USA Inc,2024,7,405,430,643,30
42479002070001,Chevron USA Inc,2024,8,172,148,231,30
42479002070001,Chevron USA Inc,2024,9,64,120,123,30
42479002070001,Chevron USA Inc,2024,10,26,40,51,30
42479002080000,Chevron USA Inc,2024,1,4878,8814,10267,30
42479002080000,Chevron USA Inc,2024,2,3705,3538,9120,30
42479002080000,Chevron USA Inc,2024,3,2230,3086,3097,30
42479002080000,Chevron USA Inc,2024,4,1237,2283,1586,30
42479002080000,Chevron USA Inc,2024,5,469,557,1014,30
42479002080000,Chevron USA Inc,2024,6,158,261,82,30
42479002080000,Chevron USA Inc,2024,7,46,36,84,30
42479002080000,Chevron USA Inc,2024,8,12,20,8,30
42479002080000,Chevron USA Inc,2024,9,2,3,4,30
42479002080000,Chevron USA Inc,2024,10,0,0,0,0
42479002090002,Permian Resources Operating LLC,2024,1,6157,6704,9696,30
42479002090002,Permian Resources Operating LLC,2024,2,5203,5400,3522,30
42479002090002,Permian Resources Operating LLC,2024,3,3371,2177,6960,30
42479002090002,Permian Resources Operating LLC,2024,4,1964,3633,1433,30
42479002090002,Permian Resources Operating LLC,2024,5,1001,1599,1262,30
42479002090002,Permian Resources Operating LLC,2024,6,451,385,426,30
42479002090002,Permian Resources Operating LLC,2024,7,183,228,223,30
42479002090002,Permian Resources Operating LLC,2024,8,62,94,56,30
42479002090002,Permian Resources Operating LLC,2024,9,19,19,6,30
42479002090002,Permian Resources Operating LLC,2024,10,5,6,3,30
42479002100000,Cimarex Energy Company,2024,1,7010,13178,13316,30
42479002100000,Cimarex Energy Company,2024,2,5767,6943,7303,30
42479002100000,Cimarex Energy Company,2024,3,3412,5882,2809,30
42479002100000,Cimarex Energy Company,2024,4,1754,2629,1699,30
42479002100000,Cimarex Energy Company,2024,5,682,1041,228,30
42479002100000,Cimarex Energy Company,2024,6,234,312,249,30
42479002100000,Cimarex Energy Company,2024,7,68,55,135,30
42479002100000,Cimarex Energy Company,2024,8,18,28,35,30
42479002100000,Cimarex Energy Company,2024,9,4,4,6,30
42479002100000,Cimarex Energy Company,2024,10,0,0,0,0
42479002110002,Centennial Resource Production LLC,2024,1,4402,4494,8147,30
42479002110002,Centennial Resource Production LLC,2024,2,3598,5429,6140,30
42479002110002,Centennial Resource Production LLC,2024,3,2493,3741,4559,30
42479002110002,Centennial Resource Production LLC,2024,4,1515,2908,1044,30
42479002110002,Centennial Resource Production LLC,2024,5,862,943,343,30
42479002110002,Centennial Resource Production LLC,2024,6,403,489,730,30
42479002110002,Centennial Resource Production LLC,2024,7,197,329,180,30
42479002110002,Centennial Resource Production LLC,2024,8,80,46,107,30
42479002110002,Centennial Resource Production LLC,2024,9,26,24,33,30
42479002110002,Centennial Resource Production LLC,2024,10,9,9,8,30
42479002120100,SM Energy Company,2024,1,6032,8698,8895,30
42479002120100,SM Energy Company,2024,2,4474,8156,3343,30
42479002120100,SM Energy Company,2024,3,3308,1878,4212,30
42479002120100,SM Energy Company,2024,4,2272,3146,4048,30
42479002120100,SM Energy Company,2024,5,1383,1194,3272,30
42479002120100,SM Energy Company,2024,6,694,791,592,30
42479002120100,SM Energy Company,2024,7,273,191,287,30
42479002120100,SM Energy Company,2024,8,111,215,52,30
42479002120100,SM Energy Company,2024,9,45,56,66,30
42479002120100,SM Energy Company,2024,10,15,14,25,30
42479002130100,Callon Petroleum Operating Company,2024,1,6019,4586,2520,30
42479002130100,Callon Petroleum Operating Company,2024,2,4630,7417,2845,30
42479002130100,Callon Petroleum Operating Company,2024,3,2844,1916,6885,30
42479002130100,Callon Petroleum Operating Company,2024,4,1459,1418,2950,30
42479002130100,Callon Petroleum Operating Company,2024,5,751,539,1432,30
42479002130100,Callon Petroleum Operating Company,2024,6,285,499,33,30
42479002130100,Callon Petroleum Operating Company,2024,7,92,97,51,30
42479002130100,Callon Petroleum Operating Company,2024,8,26,45,31,30
42479002130100,Callon Petroleum Operating Company,2024,9,5,5,2,30
42479002130100,Callon Petroleum Operating Company,2024,10,1,1,0,30
42479002140000,Centennial Resource Production LLC,2024,1,5236,10157,10170,30
42479002140000,Centennial Resource Production LLC,2024,2,4590,8569,580,30
42479002140000,Centennial Resource Production LLC,2024,3,3428,2073,7863,30
42479002140000,Centennial Resource Production LLC,2024,4,2002,3761,3664,30
42479002140000,Centennial Resource Production LLC,2024,5,1035,1288,2026,30
42479002140000,Centennial Resource Production LLC,2024,6,521,726,1106,30
42479002140000,Centennial Resource Production LLC,2024,7,186,306,381,30
42479002140000,Centennial Resource Production LLC,2024,8,79,102,164,30
42479002140000,Centennial Resource Production LLC,2024,9,25,38,12,30
42479002140000,Centennial Resource Production LLC,2024,10,7,8,3,30
42479002150001,ConocoPhillips Company,2024,1,6169,4676,10569,30
42479002150001,ConocoPhillips Company,2024,2,4634,4175,9324,30
42479002150001,ConocoPhillips Company,2024,3,3387,2845,952,30
42479002150001,ConocoPhillips Company,2024,4,1618,2884,2715,30
42479002150001,ConocoPhillips Company,2024,5,896,1039,1953,30
42479002150001,ConocoPhillips Company,2024,6,360,458,107,30
42479002150001,ConocoPhillips Company,2024,7,119,85,179,30
42479002150001,ConocoPhillips Company,2024,8,36,65,50,30
42479002150001,ConocoPhillips Company,2024,9,10,8,21,30
42479002150001,ConocoPhillips Company,2024,10,2,3,4,30
42479002160002,Laredo Petroleum Inc,2024,1,2924,2043,5887,30
42479002160002,Laredo Petroleum Inc,2024,2,2292,4373,3157,30
42479002160002,Laredo Petroleum Inc,2024,3,1209,2327,1115,30
42479002160002,Laredo Petroleum Inc,2024,4,528,494,536,30
42479002160002,Laredo Petroleum Inc,2024,5,180,255,99,30
42479002160002,Laredo Petroleum Inc,2024,6,54,28,94,30
42479002160002,Laredo Petroleum Inc,2024,7,14,11,3,30
42479002160002,Laredo Petroleum Inc,2024,8,2,3,4,30
42479002160002,Laredo Petroleum Inc,2024,9,0,0,0,0
42479002160002,Laredo Petroleum Inc,2024,10,0,0,0,0
42479002170002,Pioneer Natural Resources USA Inc,2024,1,4337,6804,2971,30
42479002170002,Pioneer Natural Resources USA Inc,2024,2,3088,3078,2707,30
42479002170002,Pioneer Natural Resources USA Inc,2024,3,1921,1194,4338,30
42479002170002,Pioneer Natural Resources USA Inc,2024,4,888,645,482,30
42479002170002,Pioneer Natural Resources USA Inc,2024,5,345,291,483,30
42479002170002,Pioneer Natural Resources USA Inc,2024,6,96,124,12,30
42479002170002,Pioneer Natural Resources USA Inc,2024,7,28,14,36,30
42479002170002,Pioneer Natural Resources USA Inc,2024,8,6,7,13,30
42479002170002,Pioneer Natural Resources USA Inc,2024,9,1,1,2,30
42479002170002,Pioneer Natural Resources USA Inc,2024,10,0,0,0,0
42479002180001,Diamondback E&P LLC,2024,1,1569,2121,855,30
42479002180001,Diamondback E&P LLC,2024,2,1248,863,1619,30
42479002180001,Diamondback E&P LLC,2024,3,723,422,561,30
42479002180001,Diamondback E&P LLC,2024,4,292,459,621,30
42479002180001,Diamondback E&P LLC,2024,5,111,145,160,30
42479002180001,Diamondback E&P LLC,2024,6,30,55,24,30
42479002180001,Diamondback E&P LLC,2024,7,7,10,7,30
42479002180001,Diamondback E&P LLC,2024,8,1,1,0,30
42479002180001,Diamondback E&P LLC,2024,9,0,0,0,0
42479002180001,Diamondback E&P LLC,2024,10,0,0,0,0
42479002190001,Independence Resources Management LLC,2024,1,3590,3633,7218,30
42479002190001,Independence Resources Management LLC,2024,2,2681,4463,481,30
42479002190001,Independence Resources Management LLC,2024,3,1718,2845,3137,30
42479002190001,Independence Resources Management LLC,2024,4,753,1126,1241,30
42479002190001,Independence Resources Management LLC,2024,5,298,288,243,30
42479002190001,Independence Resources Management LLC,2024,6,114,135,234,30
42479002190001,Independence Resources Management LLC,2024,7,31,22,55,30
42479002190001,Independence Resources Management LLC,2024,8,6,10,7,30
42479002190001,Independence Resources Management LLC,2024,9,1,0,0,30
42479002190001,Independence Resources Management LLC,2024,10,0,0,0,0
42479002200101,Independence Resources Management LLC,2024,1,4441,5839,8210,30
42479002200101,Independence Resources Management LLC,2024,2,3496,4188,8342,30
42479002200101,Independence Resources Management LLC,2024,3,2146,2837,4313,30
42479002200101,Independence Resources Management LLC,2024,4,1005,790,520,30
42479002200101,Independence Resources Management LLC,2024,5,458,626,673,30
42479002200101,Independence Resources Management LLC,2024,6,161,88,228,30
42479002200101,Independence Resources Management LLC,2024,7,53,81,63,30
42479002200101,Independence Resources Management LLC,2024,8,14,14,18,30
42479002200101,Independence Resources Management LLC,2024,9,3,2,6,30
42479002200101,Independence Resources Management LLC,2024,10,0,0,0,0
42479002210101,Matador Production Company,2024,1,4140,4218,4163,30
42479002210101,Matador Production Company,2024,2,3715,3510,7250,30
42479002210101,Matador Production Company,2024,3,2300,4473,2135,30
42479002210101,Matador Production Company,2024,4,1086,600,2392,30
42479002210101,Matador Production Company,2024,5,540,359,448,30
42479002210101,Matador Production Company,2024,6,210,143,96,30
42479002210101,Matador Production Company,2024,7,82,132,56,30
42479002210101,Matador Production Company,2024,8,26,17,38,30
42479002210101,Matador Production Company,2024,9,6,7,7,30
42479002210101,Matador Production Company,2024,10,1,1,1,30
42479002220101,Laredo Petroleum Inc,2024,1,5406,3330,12130,30
42479002220101,Laredo Petroleum Inc,2024,2,4253,4767,1177,30
42479002220101,Laredo Petroleum Inc,2024,3,2439,2485,5571,30
42479002220101,Laredo Petroleum Inc,2024,4,1240,2393,1260,30
42479002220101,Laredo Petroleum Inc,2024,5,517,607,167,30
42479002220101,Laredo Petroleum Inc,2024,6,193,251,136,30
42479002220101,Laredo Petroleum Inc,2024,7,55,53,105,30
42479002220101,Laredo Petroleum Inc,2024,8,12,21,17,30
42479002220101,Laredo Petroleum Inc,2024,9,2,2,1,30
42479002220101,Laredo Petroleum Inc,2024,10,0,0,0,0
42479002230100,Chevron USA Inc,2024,1,3791,6452,7649,30
42479002230100,Chevron USA Inc,2024,2,3259,4663,5615,30
42479002230100,Chevron USA Inc,2024,3,2486,4643,5272,30
42479002230100,Chevron USA Inc,2024,4,1652,1095,2698,30
42479002230100,Chevron USA Inc,2024,5,789,1157,1518,30
42479002230100,Chevron USA Inc,2024,6,423,249,273,30
42479002230100,Chevron USA Inc,2024,7,194,167,142,30
42479002230100,Chevron USA Inc,2024,8,90,122,170,30
42479002230100,Chevron USA Inc,2024,9,32,63,58,30
42479002230100,Chevron USA Inc,2024,10,11,13,25,30
42479002240000,Concho Resources Inc,2024,1,4011,2964,5612,30
42479002240000,Concho Resources Inc,2024,2,2912,3508,2995,30
42479002240000,Concho Resources Inc,2024,3,1907,2284,4058,30
42479002240000,Concho Resources Inc,2024,4,971,807,1224,30
42479002240000,Concho Resources Inc,2024,5,383,548,584,30
42479002240000,Concho Resources Inc,2024,6,123,208,275,30
42479002240000,Concho Resources Inc,2024,7,37,45,76,30
42479002240000,Concho Resources Inc,2024,8,10,19,22,30
42479002240000,Concho Resources Inc,2024,9,2,2,2,30
42479002240000,Concho Resources Inc,2024,10,0,0,0,0
42479002250000,Centennial Resource Production LLC,2024,1,2314,3887,1398,30
42479002250000,Centennial Resource Production LLC,2024,2,1890,2906,1721,30
42479002250000,Centennial Resource Production LLC,2024,3,1180,2233,188,30
42479002250000,Centennial Resource Production LLC,2024,4,692,633,1032,30
42479002250000,Centennial Resource Production LLC,2024,5,294,513,387,30
42479002250000,Centennial Resource Production LLC,2024,6,115,218,116,30
42479002250000,Centennial Resource Production LLC,2024,7,39,47,73,30
42479002250000,Centennial Resource Production LLC,2024,8,12,6,25,30
42479002250000,Centennial Resource Production LLC,2024,9,2,2,3,30
42479002250000,Centennial Resource Production LLC,2024,10,0,0,0,0
42479002260001,Matador Production Company,2024,1,5963,10965,3531,30
42479002260001,Matador Production Company,2024,2,4790,7937,10745,30
42479002260001,Matador Production Company,2024,3,2910,3876,1298,30
42479002260001,Matador Production Company,2024,4,1232,1177,1592,30
42479002260001,Matador Production Company,2024,5,548,934,296,30
42479002260001,Matador Production Company,2024,6,163,229,43,30
42479002260001,Matador Production Company,2024,7,43,28,9,30
42479002260001,Matador Production Company,2024,8,9,12,17,30
42479002260001,Matador Production Company,2024,9,1,1,0,30
42479002260001,Matador Production Company,2024,10,0,0,0,0
42479002270001,Pioneer Natural Resources USA Inc,2024,1,3774,3660,2662,30
42479002270001,Pioneer Natural Resources USA Inc,2024,2,2974,3794,458,30
42479002270001,Pioneer Natural Resources USA Inc,2024,3,1911,2524,3926,30
42479002270001,Pioneer Natural Resources USA Inc,2024,4,1173,652,2466,30
42479002270001,Pioneer Natural Resources USA Inc,2024,5,624,794,910,30
42479002270001,Pioneer Natural Resources USA Inc,2024,6,317,326,570,30
42479002270001,Pioneer Natural Resources USA Inc,2024,7,132,249,303,30
42479002270001,Pioneer Natural Resources USA Inc,2024,8,41,53,64,30
42479002270001,Pioneer Natural Resources USA Inc,2024,9,13,23,5,30
42479002270001,Pioneer Natural Resources USA Inc,2024,10,4,4,4,30
42479002280001,ConocoPhillips Company,2024,1,4373,4757,6017,30
42479002280001,ConocoPhillips Company,2024,2,3722,4455,2564,30
42479002280001,ConocoPhillips Company,2024,3,2586,1908,6228,30
42479002280001,ConocoPhillips Company,2024,4,1574,2822,3003,30
42479002280001,ConocoPhillips Company,2024,5,647,1012,1281,30
42479002280001,ConocoPhillips Company,2024,6,290,296,145,30
42479002280001,ConocoPhillips Company,2024,7,117,142,282,30
42479002280001,ConocoPhillips Company,2024,8,32,25,43,30
42479002280001,ConocoPhillips Company,2024,9,10,5,8,30
42479002280001,ConocoPhillips Company,2024,10,2,2,2,30
42479002290002,Devon Energy Production Company LP,2024,1,4259,3262,2151,30
42479002290002,Devon Energy Production Company LP,2024,2,3368,3401,7512,30
42479002290002,Devon Energy Production Company LP,2024,3,1953,2898,355,30
42479002290002,Devon Energy Production Company LP,2024,4,832,574,1324,30
42479002290002,Devon Energy Production Company LP,2024,5,322,633,730,30
42479002290002,Devon Energy Production Company LP,2024,6,100,164,106,30
42479002290002,Devon Energy Production Company LP,2024,7,27,36,62,30
42479002290002,Devon Energy Production Company LP,2024,8,7,11,13,30
42479002290002,Devon Energy Production Company LP,2024,9,1,1,0,30
42479002290002,Devon Energy Production Company LP,2024,10,0,0,0,0
42479002300100,Centennial Resource Production LLC,2024,1,6761,11372,7041,30
42479002300100,Centennial Resource Production LLC,2024,2,5549,6187,2084,30
42479002300100,Centennial Resource Production LLC,2024,3,3639,1881,2411,30
42479002300100,Centennial Resource Production LLC,2024,4,2213,1934,3099,30
42479002300100,Centennial Resource Production LLC,2024,5,1239,1904,143,30
42479002300100,Centennial Resource Production LLC,2024,6,599,304,87,30
42479002300100,Centennial Resource Production LLC,2024,7,257,169,458,30
42479002300100,Centennial Resource Production LLC,2024,8,101,87,137,30
42479002300100,Centennial Resource Production LLC,2024,9,31,35,28,30
42479002300100,Centennial Resource Production LLC,2024,10,11,7,5,30
42479002310002,Occidental Petroleum Corporation,2024,1,1804,3472,475,30
42479002310002,Occidental Petroleum Corporation,2024,2,1328,1395,1426,30
42479002310002,Occidental Petroleum Corporation,2024,3,1131,869,2486,30
42479002310002,Occidental Petroleum Corporation,2024,4,643,742,1067,30
42479002310002,Occidental Petroleum Corporation,2024,5,357,191,703,30
42479002310002,Occidental Petroleum Corporation,2024,6,172,211,87,30
42479002310002,Occidental Petroleum Corporation,2024,7,78,147,135,30
42479002310002,Occidental Petroleum Corporation,2024,8,32,45,22,30
42479002310002,Occidental Petroleum Corporation,2024,9,11,9,22,30
42479002310002,Occidental Petroleum Corporation,2024,10,3,2,6,30
42479002320102,Cimarex Energy Company,2024,1,4577,4311,4828,30
42479002320102,Cimarex Energy Company,2024,2,4134,8053,6805,30
42479002320102,Cimarex Energy Company,2024,3,3332,4571,724,30
42479002320102,Cimarex Energy Company,2024,4,1892,1286,4114,30
42479002320102,Cimarex Energy Company,2024,5,1067,1266,1247,30
42479002320102,Cimarex Energy Company,2024,6,681,1169,319,30
42479002320102,Cimarex Energy Company,2024,7,297,230,315,30
42479002320102,Cimarex Energy Company,2024,8,128,83,95,30
42479002320102,Cimarex Energy Company,2024,9,55,102,75,30
42479002320102,Cimarex Energy Company,2024,10,19,28,33,30
42479002330000,Apache Corporation,2024,1,5951,4427,12712,30
42479002330000,Apache Corporation,2024,2,4451,3632,6317,30
42479002330000,Apache Corporation,2024,3,2687,5309,2544,30
42479002330000,Apache Corporation,2024,4,1466,1446,944,30
42479002330000,Apache Corporation,2024,5,603,485,1463,30
42479002330000,Apache Corporation,2024,6,197,279,417,30
42479002330000,Apache Corporation,2024,7,51,53,75,30
42479002330000,Apache Corporation,2024,8,13,11,24,30
42479002330000,Apache Corporation,2024,9,2,3,1,30
42479002330000,Apache Corporation,2024,10,0,0,0,0
42479002340101,SM Energy Company,2024,1,2810,4088,2535,30
42479002340101,SM Energy Company,2024,2,2265,3263,1871,30
42479002340101,SM Energy Company,2024,3,1475,1070,3669,30
42479002340101,SM Energy Company,2024,4,906,1027,2079,30
42479002340101,SM Energy Company,2024,5,430,478,622,30
42479002340101,SM Energy Company,2024,6,201,292,418,30
42479002340101,SM Energy Company,2024,7,74,125,80,30
42479002340101,SM Energy Company,2024,8,24,30,9,30
42479002340101,SM Energy Company,2024,9,7,12,2,30
42479002340101,SM Energy Company,2024,10,1,1,0,30
42479002350001,Devon Energy Production Company LP,2024,1,1895,1688,3079,30
42479002350001,Devon Energy Production Company LP,2024,2,1578,1426,2542,30
42479002350001,Devon Energy Production Company LP,2024,3,1099,1319,2378,30
42479002350001,Devon Energy Production Company LP,2024,4,627,1112,1412,30
42479002350001,Devon Energy Production Company LP,2024,5,399,623,514,30
42479002350001,Devon Energy Production Company LP,2024,6,180,312,438,30
42479002350001,Devon Energy Production Company LP,2024,7,86,109,83,30
42479002350001,Devon Energy Production Company LP,2024,8,33,23,30,30
42479002350001,Devon Energy Production Company LP,2024,9,13,17,24,30
42479002350001,Devon Energy Production Company LP,2024,10,4,4,2,30
42479002360102,Centennial Resource Production LLC,2024,1,6201,3739,9943,30
42479002360102,Centennial Resource Production LLC,2024,2,4598,9085,1009,30
42479002360102,Centennial Resource Production LLC,2024,3,2805,3049,344,30
42479002360102,Centennial Resource Production LLC,2024,4,1206,764,1333,30
42479002360102,Centennial Resource Production LLC,2024,5,555,679,698,30
42479002360102,Centennial Resource Production LLC,2024,6,179,264,196,30
42479002360102,Centennial Resource Production LLC,2024,7,53,57,117,30
42479002360102,Centennial Resource Production LLC,2024,8,12,15,12,30
42479002360102,Centennial Resource Production LLC,2024,9,3,5,6,30
42479002360102,Centennial Resource Production LLC,2024,10,0,0,0,0
42479002370001,Matador Production Company,2024,1,6889,6854,2486,30
42479002370001,Matador Production Company,2024,2,5174,10115,1928,30
42479002370001,Matador Production Company,2024,3,4289,6184,2326,30
42479002370001,Matador Production Company,2024,4,2634,2299,2766,30
42479002370001,Matador Production Company,2024,5,1300,824,936,30
42479002370001,Matador Production Company,2024,6,690,808,766,30
42479002370001,Matador Production Company,2024,7,298,156,658,30
42479002370001,Matador Production Company,2024,8,111,199,28,30
42479002370001,Matador Production Company,2024,9,35,36,14,30
42479002370001,Matador Production Company,2024,10,9,15,18,30
42479002380002,Cimarex Energy Company,2024,1,3461,4672,7918,30
42479002380002,Cimarex Energy Company,2024,2,2832,4205,5635,30
42479002380002,Cimarex Energy Company,2024,3,1435,958,3528,30
42479002380002,Cimarex Energy Company,2024,4,732,739,1589,30
42479002380002,Cimarex Energy Company,2024,5,291,157,580,30
42479002380002,Cimarex Energy Company,2024,6,101,84,114,30
42479002380002,Cimarex Energy Company,2024,7,30,25,56,30
42479002380002,Cimarex Energy Company,2024,8,7,10,12,30
42479002380002,Cimarex Energy Company,2024,9,1,0,1,30
42479002380002,Cimarex Energy Company,2024,10,0,0,0,0
42479002390000,Concho Resources Inc,2024,1,2787,5420,2451,30
42479002390000,Concho Resources Inc,2024,2,2321,2395,3901,30
42479002390000,Concho Resources Inc,2024,3,1611,977,2923,30
42479002390000,Concho Resources Inc,2024,4,1095,1183,572,30
42479002390000,Concho Resources Inc,2024,5,554,558,221,30
42479002390000,Concho Resources Inc,2024,6,295,521,378,30
42479002390000,Concho Resources Inc,2024,7,123,97,226,30
42479002390000,Concho Resources Inc,2024,8,45,28,83,30
42479002390000,Concho Resources Inc,2024,9,16,22,38,30
42479002390000,Concho Resources Inc,2024,10,5,5,11,30
42479002400002,ConocoPhillips Company,2024,1,2545,3715,3662,30
42479002400002,ConocoPhillips Company,2024,2,1968,1879,1776,30
42479002400002,ConocoPhillips Company,2024,3,1127,1019,783,30
42479002400002,ConocoPhillips Company,2024,4,622,961,209,30
42479002400002,ConocoPhillips Company,2024,5,246,234,169,30
42479002400002,ConocoPhillips Company,2024,6,82,121,53,30
42479002400002,ConocoPhillips Company,2024,7,24,28,16,30
42479002400002,ConocoPhillips Company,2024,8,5,9,2,30
42479002400002,ConocoPhillips Company,2024,9,1,0,2,30
42479002400002,ConocoPhillips Company,2024,10,0,0,0,0
42479002410001,EOG Resources Inc,2024,1,2648,2004,1844,30
42479002410001,EOG Resources Inc,2024,2,2508,1931,2216,30
42479002410001,EOG Resources Inc,2024,3,1753,978,2226,30
42479002410001,EOG Resources Inc,2024,4,1192,814,1165,30
42479002410001,EOG Resources Inc,2024,5,638,784,560,30
42479002410001,EOG Resources Inc,2024,6,295,448,67,30
42479002410001,EOG Resources Inc,2024,7,139,236,332,30
42479002410001,EOG Resources Inc,2024,8,55,57,89,30
42479002410001,EOG Resources Inc,2024,9,24,46,5,30
42479002410001,EOG Resources Inc,2024,10,7,5,3,30
42479002420001,ConocoPhillips Company,2024,1,5585,8349,10888,30
42479002420001,ConocoPhillips Company,2024,2,3940,2576,5938,30
42479002420001,ConocoPhillips Company,2024,3,2633,2659,5459,30
42479002420001,ConocoPhillips Company,2024,4,1187,2374,2892,30
42479002420001,ConocoPhillips Company,2024,5,563,679,1276,30
42479002420001,ConocoPhillips Company,2024,6,203,246,368,30
42479002420001,ConocoPhillips Company,2024,7,55,52,101,30
42479002420001,ConocoPhillips Company,2024,8,15,17,23,30
42479002420001,ConocoPhillips Company,2024,9,4,4,9,30
42479002420001,ConocoPhillips Company,2024,10,0,0,0,0
42479002430002,Chevron USA Inc,2024,1,4677,4691,663,30
42479002430002,Chevron USA Inc,2024,2,4128,5700,1604,30
42479002430002,Chevron USA Inc,2024,3,2809,3764,1185,30
42479002430002,Chevron USA Inc,2024,4,2130,1388,3644,30
42479002430002,Chevron USA Inc,2024,5,1107,1768,1856,30
42479002430002,Chevron USA Inc,2024,6,544,1069,619,30
42479002430002,Chevron USA Inc,2024,7,291,333,120,30
42479002430002,Chevron USA Inc,2024,8,115,57,137,30
42479002430002,Chevron USA Inc,2024,9,40,25,34,30
42479002430002,Chevron USA Inc,2024,10,14,15,6,30
42479002440101,Pioneer Natural Resources USA Inc,2024,1,3300,1933,6231,30
42479002440101,Pioneer Natural Resources USA Inc,2024,2,2717,4656,519,30
42479002440101,Pioneer Natural Resources USA Inc,2024,3,1671,985,482,30
42479002440101,Pioneer Natural Resources USA Inc,2024,4,830,898,1607,30
42479002440101,Pioneer Natural Resources USA Inc,2024,5,327,443,607,30
42479002440101,Pioneer Natural Resources USA Inc,2024,6,121,72,224,30
42479002440101,Pioneer Natural Resources USA Inc,2024,7,38,65,17,30
42479002440101,Pioneer Natural Resources USA Inc,2024,8,12,18,16,30
42479002440101,Pioneer Natural Resources USA Inc,2024,9,2,3,0,30
42479002440101,Pioneer Natural Resources USA Inc,2024,10,0,0,0,0
42479002450001,Endeavor Energy Resources LP,2024,1,3161,4302,7378,30
42479002450001,Endeavor Energy Resources LP,2024,2,2312,1371,5741,30
42479002450001,Endeavor Energy Resources LP,2024,3,1450,2588,267,30
42479002450001,Endeavor Energy Resources LP,2024,4,681,1164,692,30
42479002450001,Endeavor Energy Resources LP,2024,5,278,366,534,30
42479002450001,Endeavor Energy Resources LP,2024,6,98,156,188,30
42479002450001,Endeavor Energy Resources LP,2024,7,28,35,34,30
42479002450001,Endeavor Energy Resources LP,2024,8,6,9,1,30
42479002450001,Endeavor Energy Resources LP,2024,9,1,1,2,30
42479002450001,Endeavor Energy Resources LP,2024,10,0,0,0,0
42479002460000,Matador Production Company,2024,1,1313,732,3154,30
42479002460000,Matador Production Company,2024,2,1029,981,225,30
42479002460000,Matador Production Company,2024,3,556,733,861,30
42479002460000,Matador Production Company,2024,4,267,417,513,30
42479002460000,Matador Production Company,2024,5,96,162,154,30
42479002460000,Matador Production Company,2024,6,28,46,27,30
42479002460000,Matador Production Company,2024,7,7,12,4,30
42479002460000,Matador Production Company,2024,8,1,1,1,30
42479002460000,Matador Production Company,2024,9,0,0,0,0
42479002460000,Matador Production Company,2024,10,0,0,0,0
42479002470000,Permian Resources Operating LLC,2024,1,4666,5687,7956,30
42479002470000,Permian Resources Operating LLC,2024,2,3998,4989,8277,30
42479002470000,Permian Resources Operating LLC,2024,3,2622,2422,6535,30
42479002470000,Permian Resources Operating LLC,2024,4,1426,1438,3312,30
42479002470000,Permian Resources Operating LLC,2024,5,803,548,1051,30
42479002470000,Permian Resources Operating LLC,2024,6,369,657,617,30
42479002470000,Permian Resources Operating LLC,2024,7,147,136,222,30
42479002470000,Permian Resources Operating LLC,2024,8,43,34,5,30
42479002470000,Permian Resources Operating LLC,2024,9,13,7,5,30
42479002470000,Permian Resources Operating LLC,2024,10,3,4,6,30
42479002480102,Devon Energy Production Company LP,2024,1,4176,5641,1497,30
42479002480102,Devon Energy Production Company LP,2024,2,3292,3552,4654,30
42479002480102,Devon Energy Production Company LP,2024,3,2047,3844,959,30
42479002480102,Devon Energy Production Company LP,2024,4,1047,744,465,30
42479002480102,Devon Energy Production Company LP,2024,5,514,956,122,30
42479002480102,Devon Energy Production Company LP,2024,6,174,220,416,30
42479002480102,Devon Energy Production Company LP,2024,7,62,67,56,30
42479002480102,Devon Energy Production Company LP,2024,8,17,9,28,30
42479002480102,Devon Energy Production Company LP,2024,9,3,3,2,30
42479002480102,Devon Energy Production Company LP,2024,10,0,0,0,0
42479002490002,Matador Production Company,2024,1,6331,5786,12763,30
42479002490002,Matador Production Company,2024,2,4501,4847,3136,30
42479002490002,Matador Production Company,2024,3,3086,2931,6029,30
42479002490002,Matador Production Company,2024,4,1392,864,231,30
42479002490002,Matador Production Company,2024,5,577,973,167,30
42479002490002,Matador Production Company,2024,6,203,194,172,30
42479002490002,Matador Production Company,2024,7,60,105,50,30
42479002490002,Matador Production Company,2024,8,15,14,36,30
42479002490002,Matador Production Company,2024,9,3,4,5,30
42479002490002,Matador Production Company,2024,10,0,0,0,0
42479002500001,Centennial Resource Production LLC,2024,1,4155,4940,1963,30
42479002500001,Centennial Resource Production LLC,2024,2,3004,3514,4855,30
42479002500001,Centennial Resource Production LLC,2024,3,1855,1138,204,30
42479002500001,Centennial Resource Production LLC,2024,4,734,557,513,30
42479002500001,Centennial Resource Production LLC,2024,5,296,226,189,30
42479002500001,Centennial Resource Production LLC,2024,6,92,100,17,30
42479002500001,Centennial Resource Production LLC,2024,7,22,28,41,30
42479002500001,Centennial Resource Production LLC,2024,8,5,7,10,30
42479002500001,Centennial Resource Production LLC,2024,9,1,0,0,30
42479002500001,Centennial Resource Production LLC,2024,10,0,0,0,0
42479002510001,Diamondback E&P LLC,2024,1,5304,3898,11348,30
42479002510001,Diamondback E&P LLC,2024,2,4080,3855,6078,30
42479002510001,Diamondback E&P LLC,2024,3,2215,3320,3024,30
42479002510001,Diamondback E&P LLC,2024,4,1291,1421,2518,30
42479002510001,Diamondback E&P LLC,2024,5,545,814,884,30
42479002510001,Diamondback E&P LLC,2024,6,161,91,241,30
42479002510001,Diamondback E&P LLC,2024,7,49,62,98,30
42479002510001,Diamondback E&P LLC,2024,8,13,17,3,30
42479002510001,Diamondback E&P LLC,2024,9,2,1,2,30
42479002510001,Diamondback E&P LLC,2024,10,0,0,0,0
42479002520000,Parsley Energy Operations LLC,2024,1,0,0,0,0
42479002520000,Parsley Energy Operations LLC,2024,2,0,0,0,0
42479002520000,Parsley Energy Operations LLC,2024,3,0,0,0,0
42479002520000,Parsley Energy Operations LLC,2024,4,0,0,0,0
42479002520000,Parsley Energy Operations LLC,2024,5,0,0,0,0
42479002520000,Parsley Energy Operations LLC,2024,6,0,0,0,0
42479002520000,Parsley Energy Operations LLC,2024,7,0,0,0,0
42479002520000,Parsley Energy Operations LLC,2024,8,0,0,0,0
42479002520000,Parsley Energy Operations LLC,2024,9,0,0,0,0
42479002520000,Parsley Energy Operations LLC,2024,10,0,0,0,0
42479002530002,Chevron USA Inc,2024,1,3687,2787,6860,30
42479002530002,Chevron USA Inc,2024,2,3095,3943,7413,30
42479002530002,Chevron USA Inc,2024,3,2000,3770,3076,30
42479002530002,Chevron USA Inc,2024,4,853,957,1572,30
42479002530002,Chevron USA Inc,2024,5,377,504,544,30
42479002530002,Chevron USA Inc,2024,6,136,254,267,30
42479002530002,Chevron USA Inc,2024,7,34,37,8,30
42479002530002,Chevron USA Inc,2024,8,8,4,5,30
42479002530002,Chevron USA Inc,2024,9,2,1,1,30
42479002530002,Chevron USA Inc,2024,10,0,0,0,0
42479002540101,Centennial Resource Production LLC,2024,1,5736,10720,604,30
42479002540101,Centennial Resource Production LLC,2024,2,4445,5058,5249,30
42479002540101,Centennial Resource Production LLC,2024,3,3219,4918,3112,30
42479002540101,Centennial Resource Production LLC,2024,4,2548,1279,3755,30
42479002540101,Centennial Resource Production LLC,2024,5,1461,1551,2924,30
42479002540101,Centennial Resource Production LLC,2024,6,730,942,867,30
42479002540101,Centennial Resource Production LLC,2024,7,314,347,529,30
42479002540101,Centennial Resource Production LLC,2024,8,138,211,165,30
42479002540101,Centennial Resource Production LLC,2024,9,52,48,13,30
42479002540101,Centennial Resource Production LLC,2024,10,22,19,7,30
42479002550102,Permian Resources Operating LLC,2024,1,3596,5109,2651,30
42479002550102,Permian Resources Operating LLC,2024,2,3083,5444,4950,30
42479002550102,Permian Resources Operating LLC,2024,3,1701,2986,3930,30
42479002550102,Permian Resources Operating LLC,2024,4,829,1305,977,30
42479002550102,Permian Resources Operating LLC,2024,5,304,528,718,30
42479002550102,Permian Resources Operating LLC,2024,6,92,92,143,30
42479002550102,Permian Resources Operating LLC,2024,7,23,44,14,30
42479002550102,Permian Resources Operating LLC,2024,8,6,10,4,30
42479002550102,Permian Resources Operating LLC,2024,9,1,0,2,30
42479002550102,Permian Resources Operating LLC,2024,10,0,0,0,0
42479002560000,Pioneer Natural Resources USA Inc,2024,1,2174,1247,641,30
42479002560000,Pioneer Natural Resources USA Inc,2024,2,2024,3224,3129,30
42479002560000,Pioneer Natural Resources USA Inc,2024,3,1391,2528,1248,30
42479002560000,Pioneer Natural Resources USA Inc,2024,4,1030,1372,2047,30
42479002560000,Pioneer Natural Resources USA Inc,2024,5,575,482,502,30
42479002560000,Pioneer Natural Resources USA Inc,2024,6,289,378,54,30
42479002560000,Pioneer Natural Resources USA Inc,2024,7,128,139,19,30
42479002560000,Pioneer Natural Resources USA Inc,2024,8,59,63,68,30
42479002560000,Pioneer Natural Resources USA Inc,2024,9,20,31,21,30
42479002560000,Pioneer Natural Resources USA Inc,2024,10,6,10,4,30
42479002570001,Concho Resources Inc,2024,1,5714,8188,11513,30
42479002570001,Concho Resources Inc,2024,2,4395,2232,8387,30
42479002570001,Concho Resources Inc,2024,3,2934,4136,3717,30
42479002570001,Concho Resources Inc,2024,4,1596,1522,2664,30
42479002570001,Concho Resources Inc,2024,5,764,871,1129,30
42479002570001,Concho Resources Inc,2024,6,367,416,561,30
42479002570001,Concho Resources Inc,2024,7,129,117,265,30
42479002570001,Concho Resources Inc,2024,8,39,22,45,30
42479002570001,Concho Resources Inc,2024,9,13,9,4,30
42479002570001,Concho Resources Inc,2024,10,3,1,3,30
42479002580002,Diamondback E&P LLC,2024,1,4356,4669,2813,30
42479002580002,Diamondback E&P LLC,2024,2,3721,3635,6316,30
42479002580002,Diamondback E&P LLC,2024,3,1994,3114,1649,30
42479002580002,Diamondback E&P LLC,2024,4,910,1506,1686,30
42479002580002,Diamondback E&P LLC,2024,5,354,685,821,30
42479002580002,Diamondback E&P LLC,2024,6,103,130,242,30
42479002580002,Diamondback E&P LLC,2024,7,30,29,43,30
42479002580002,Diamondback E&P LLC,2024,8,5,3,6,30
42479002580002,Diamondback E&P LLC,2024,9,1,1,0,30
42479002580002,Diamondback E&P LLC,2024,10,0,0,0,0
42479002590000,ConocoPhillips Company,2024,1,2654,4660,3307,30
42479002590000,ConocoPhillips Company,2024,2,2478,3553,1647,30
42479002590000,ConocoPhillips Company,2024,3,1813,2592,1123,30
42479002590000,ConocoPhillips Company,2024,4,1065,1771,2327,30
42479002590000,ConocoPhillips Company,2024,5,550,756,971,30
42479002590000,ConocoPhillips Company,2024,6,264,215,199,30
42479002590000,ConocoPhillips Company,2024,7,111,168,202,30
42479002590000,ConocoPhillips Company,2024,8,46,37,107,30
42479002590000,ConocoPhillips Company,2024,9,16,14,32,30
42479002590000,ConocoPhillips Company,2024,10,5,8,10,30
42479002600001,Endeavor Energy Resources LP,2024,1,4360,7324,2536,30
42479002600001,Endeavor Energy Resources LP,2024,2,3080,2322,6920,30
42479002600001,Endeavor Energy Resources LP,2024,3,2217,3294,5103,30
42479002600001,Endeavor Energy Resources LP,2024,4,1347,1749,1558,30
42479002600001,Endeavor Energy Resources LP,2024,5,628,356,711,30
42479002600001,Endeavor Energy Resources LP,2024,6,274,341,266,30
42479002600001,Endeavor Energy Resources LP,2024,7,95,172,32,30
42479002600001,Endeavor Energy Resources LP,2024,8,30,29,62,30
42479002600001,Endeavor Energy Resources LP,2024,9,10,14,15,30
42479002600001,Endeavor Energy Resources LP,2024,10,2,1,4,30
42479002610001,Concho Resources Inc,2024,1,3165,1680,1088,30
42479002610001,Concho Resources Inc,2024,2,2429,2686,4105,30
42479002610001,Concho Resources Inc,2024,3,1493,2666,2463,30
42479002610001,Concho Resources Inc,2024,4,951,1177,1204,30
42479002610001,Concho Resources Inc,2024,5,438,425,673,30
42479002610001,Concho Resources Inc,2024,6,165,162,115,30
42479002610001,Concho Resources Inc,2024,7,58,44,71,30
42479002610001,Concho Resources Inc,2024,8,19,13,34,30
42479002610001,Concho Resources Inc,2024,9,5,6,5,30
42479002610001,Concho Resources Inc,2024,10,1,1,2,30
42479002620000,Devon Energy Production Company LP,2024,1,2656,1628,795,30
42479002620000,Devon Energy Production Company LP,2024,2,2161,2526,2415,30
42479002620000,Devon Energy Production Company LP,2024,3,1784,2408,479,30
42479002620000,Devon Energy Production Company LP,2024,4,948,1609,1140,30
42479002620000,Devon Energy Production Company LP,2024,5,453,747,325,30
42479002620000,Devon Energy Production Company LP,2024,6,204,207,494,30
42479002620000,Devon Energy Production Company LP,2024,7,83,147,133,30
42479002620000,Devon Energy Production Company LP,2024,8,35,23,15,30
42479002620000,Devon Energy Production Company LP,2024,9,11,7,23,30
42479002620000,Devon Energy Production Company LP,2024,10,3,1,0,30
42479002630100,Endeavor Energy Resources LP,2024,1,6174,8205,7701,30
42479002630100,Endeavor Energy Resources LP,2024,2,4635,4180,7959,30
42479002630100,Endeavor Energy Resources LP,2024,3,3377,3194,934,30
42479002630100,Endeavor Energy Resources LP,2024,4,1756,1826,2979,30
42479002630100,Endeavor Energy Resources LP,2024,5,767,1214,306,30
42479002630100,Endeavor Energy Resources LP,2024,6,309,582,690,30
42479002630100,Endeavor Energy Resources LP,2024,7,105,152,249,30
42479002630100,Endeavor Energy Resources LP,2024,8,33,33,53,30
42479002630100,Endeavor Energy Resources LP,2024,9,8,10,17,30
42479002630100,Endeavor Energy Resources LP,2024,10,2,2,4,30
42479002640000,Matador Production Company,2024,1,5320,7894,5440,30
42479002640000,Matador Production Company,2024,2,5106,9221,8227,30
42479002640000,Matador Production Company,2024,3,3047,6002,1937,30
42479002640000,Matador Production Company,2024,4,1738,971,822,30
42479002640000,Matador Production Company,2024,5,653,878,475,30
42479002640000,Matador Production Company,2024,6,257,189,451,30
42479002640000,Matador Production Company,2024,7,80,111,124,30
42479002640000,Matador Production Company,2024,8,25,34,32,30
42479002640000,Matador Production Company,2024,9,5,5,11,30
42479002640000,Matador Production Company,2024,10,1,1,1,30
42479002650000,Apache Corporation,2024,1,4286,7714,8709,30
42479002650000,Apache Corporation,2024,2,3147,4500,7199,30
42479002650000,Apache Corporation,2024,3,1887,1619,1912,30
42479002650000,Apache Corporation,2024,4,732,1268,495,30
42479002650000,Apache Corporation,2024,5,276,467,199,30
42479002650000,Apache Corporation,2024,6,70,124,102,30
42479002650000,Apache Corporation,2024,7,15,12,35,30
42479002650000,Apache Corporation,2024,8,2,2,1,30
42479002650000,Apache Corporation,2024,9,0,0,0,0
42479002650000,Apache Corporation,2024,10,0,0,0,0
42479002660000,Cimarex Energy Company,2024,1,6925,6592,1462,30
42479002660000,Cimarex Energy Company,2024,2,5148,5286,815,30
42479002660000,Cimarex Energy Company,2024,3,3336,6501,4494,30
42479002660000,Cimarex Energy Company,2024,4,1711,1977,2478,30
42479002660000,Cimarex Energy Company,2024,5,693,1025,210,30
42479002660000,Cimarex Energy Company,2024,6,234,276,201,30
42479002660000,Cimarex Energy Company,2024,7,85,103,129,30
42479002660000,Cimarex Energy Company,2024,8,19,35,37,30
42479002660000,Cimarex Energy Company,2024,9,4,2,7,30
42479002660000,Cimarex Energy Company,2024,10,1,1,1,30
42479002670000,Permian Resources Operating LLC,2024,1,2572,2224,5728,30
42479002670000,Permian Resources Operating LLC,2024,2,2327,3053,2440,30
42479002670000,Permian Resources Operating LLC,2024,3,1319,720,816,30
42479002670000,Permian Resources Operating LLC,2024,4,672,597,589,30
42479002670000,Permian Resources Operating LLC,2024,5,246,272,67,30
42479002670000,Permian Resources Operating LLC,2024,6,103,52,53,30
42479002670000,Permian Resources Operating LLC,2024,7,34,39,31,30
42479002670000,Permian Resources Operating LLC,2024,8,9,15,13,30
42479002670000,Permian Resources Operating LLC,2024,9,2,3,2,30
42479002670000,Permian Resources Operating LLC,2024,10,0,0,0,0
42479002680102,Diamondback E&P LLC,2024,1,5311,10000,3291,30
42479002680102,Diamondback E&P LLC,2024,2,4006,5211,9660,30
42479002680102,Diamondback E&P LLC,2024,3,2895,4148,371,30
42479002680102,Diamondback E&P LLC,2024,4,1893,3700,2586,30
42479002680102,Diamondback E&P LLC,2024,5,1062,852,2556,30
42479002680102,Diamondback E&P LLC,2024,6,473,616,1134,30
42479002680102,Diamondback E&P LLC,2024,7,236,341,512,30
42479002680102,Diamondback E&P LLC,2024,8,87,62,30,30
42479002680102,Diamondback E&P LLC,2024,9,30,37,71,30
42479002680102,Diamondback E&P LLC,2024,10,10,10,18,30
42479002690001,Diamondback E&P LLC,2024,1,2165,3349,2639,30
42479002690001,Diamondback E&P LLC,2024,2,1939,1648,3913,30
42479002690001,Diamondback E&P LLC,2024,3,1310,759,2922,30
42479002690001,Diamondback E&P LLC,2024,4,853,1618,1551,30
42479002690001,Diamondback E&P LLC,2024,5,410,645,240,30
42479002690001,Diamondback E&P LLC,2024,6,164,139,266,30
42479002690001,Diamondback E&P LLC,2024,7,72,69,130,30
42479002690001,Diamondback E&P LLC,2024,8,22,26,42,30
42479002690001,Diamondback E&P LLC,2024,9,6,6,8,30
42479002690001,Diamondback E&P LLC,2024,10,1,0,0,30
42479002700101,Centennial Resource Production LLC,2024,1,4095,3800,6593,30
42479002700101,Centennial Resource Production LLC,2024,2,3667,4283,949,30
42479002700101,Centennial Resource Production LLC,2024,3,2789,4961,5174,30
42479002700101,Centennial Resource Production LLC,2024,4,1646,1925,1560,30
42479002700101,Centennial Resource Production LLC,2024,5,982,674,1711,30
42479002700101,Centennial Resource Production LLC,2024,6,453,244,65,30
42479002700101,Centennial Resource Production LLC,2024,7,206,256,458,30
42479002700101,Centennial Resource Production LLC,2024,8,76,43,101,30
42479002700101,Centennial Resource Production LLC,2024,9,27,47,22,30
42479002700101,Centennial Resource Production LLC,2024,10,8,12,15,30
42479002710002,ConocoPhillips Company,2024,1,7192,6393,12278,30
42479002710002,ConocoPhillips Company,2024,2,5276,10013,2330,30
42479002710002,ConocoPhillips Company,2024,3,4135,7484,3139,30
42479002710002,ConocoPhillips Company,2024,4,2859,4102,2556,30
42479002710002,ConocoPhillips Company,2024,5,1294,1189,1912,30
42479002710002,ConocoPhillips Company,2024,6,621,863,1206,30
42479002710002,ConocoPhillips Company,2024,7,245,193,523,30
42479002710002,ConocoPhillips Company,2024,8,103,169,17,30
42479002710002,ConocoPhillips Company,2024,9,32,55,11,30
42479002710002,ConocoPhillips Company,2024,10,8,10,14,30
42479002720000,ConocoPhillips Company,2024,1,2772,1491,2868,30
42479002720000,ConocoPhillips Company,2024,2,2453,3414,2546,30
42479002720000,ConocoPhillips Company,2024,3,1671,2820,2029,30
42479002720000,ConocoPhillips Company,2024,4,1112,624,1941,30
42479002720000,ConocoPhillips Company,2024,5,547,595,435,30
42479002720000,ConocoPhillips Company,2024,6,288,339,410,30
42479002720000,ConocoPhillips Company,2024,7,125,88,111,30
42479002720000,ConocoPhillips Company,2024,8,56,103,18,30
42479002720000,ConocoPhillips Company,2024,9,23,30,18,30
42479002720000,ConocoPhillips Company,2024,10,6,10,14,30
42479002730001,EOG Resources Inc,2024,1,0,0,0,0
42479002730001,EOG Resources Inc,2024,2,0,0,0,0
42479002730001,EOG Resources Inc,2024,3,0,0,0,0
42479002730001,EOG Resources Inc,2024,4,0,0,0,0
42479002730001,EOG Resources Inc,2024,5,0,0,0,0
42479002730001,EOG Resources Inc,2024,6,0,0,0,0
42479002730001,EOG Resources Inc,2024,7,0,0,0,0
42479002730001,EOG Resources Inc,2024,8,0,0,0,0
42479002730001,EOG Resources Inc,2024,9,0,0,0,0
42479002730001,EOG Resources Inc,2024,10,0,0,0,0
42479002740000,Diamondback E&P LLC,2024,1,3837,4508,7532,30
42479002740000,Diamondback E&P LLC,2024,2,2560,2979,2218,30
42479002740000,Diamondback E&P LLC,2024,3,1709,3253,1956,30
42479002740000,Diamondback E&P LLC,2024,4,692,602,838,30
42479002740000,Diamondback E&P LLC,2024,5,286,555,401,30
42479002740000,Diamondback E&P LLC,2024,6,109,174,57,30
42479002740000,Diamondback E&P LLC,2024,7,28,16,17,30
42479002740000,Diamondback E&P LLC,2024,8,7,9,5,30
42479002740000,Diamondback E&P LLC,2024,9,1,1,0,30
42479002740000,Diamondback E&P LLC,2024,10,0,0,0,0
42479002750000,Pioneer Natural Resources USA Inc,2024,1,3695,3510,3632,30
42479002750000,Pioneer Natural Resources USA Inc,2024,2,3255,6308,2891,30
42479002750000,Pioneer Natural Resources USA Inc,2024,3,1837,3521,3570,30
42479002750000,Pioneer Natural Resources USA Inc,2024,4,962,1782,1783,30
42479002750000,Pioneer Natural Resources USA Inc,2024,5,363,624,802,30
42479002750000,Pioneer Natural Resources USA Inc,2024,6,136,80,120,30
42479002750000,Pioneer Natural Resources USA Inc,2024,7,41,50,59,30
42479002750000,Pioneer Natural Resources USA Inc,2024,8,10,14,8,30
42479002750000,Pioneer Natural Resources USA Inc,2024,9,2,3,3,30
42479002750000,Pioneer Natural Resources USA Inc,2024,10,0,0,0,0
42479002760001,Matador Production Company,2024,1,2323,3010,235,30
42479002760001,Matador Production Company,2024,2,1940,3233,4751,30
42479002760001,Matador Production Company,2024,3,1175,1445,2847,30
42479002760001,Matador Production Company,2024,4,545,909,662,30
42479002760001,Matador Production Company,2024,5,247,143,497,30
42479002760001,Matador Production Company,2024,6,78,56,172,30
42479002760001,Matador Production Company,2024,7,23,42,53,30
42479002760001,Matador Production Company,2024,8,6,5,3,30
42479002760001,Matador Production Company,2024,9,1,0,0,30
42479002760001,Matador Production Company,2024,10,0,0,0,0
42479002770002,Parsley Energy Operations LLC,2024,1,5231,7924,4047,30
42479002770002,Parsley Energy Operations LLC,2024,2,4671,3344,8768,30
42479002770002,Parsley Energy Operations LLC,2024,3,3037,3049,5628,30
42479002770002,Parsley Energy Operations LLC,2024,4,2203,3681,3415,30
42479002770002,Parsley Energy Operations LLC,2024,5,1228,2220,1534,30
42479002770002,Parsley Energy Operations LLC,2024,6,638,1095,257,30
42479002770002,Parsley Energy Operations LLC,2024,7,264,188,427,30
42479002770002,Parsley Energy Operations LLC,2024,8,106,124,187,30
42479002770002,Parsley Energy Operations LLC,2024,9,32,19,73,30
42479002770002,Parsley Energy Operations LLC,2024,10,12,11,7,30
42479002780002,Marathon Oil Company,2024,1,6741,6929,13227,30
42479002780002,Marathon Oil Company,2024,2,5873,9854,7175,30
42479002780002,Marathon Oil Company,2024,3,3571,6877,2437,30
42479002780002,Marathon Oil Company,2024,4,2005,3923,4576,30
42479002780002,Marathon Oil Company,2024,5,952,1584,114,30
42479002780002,Marathon Oil Company,2024,6,345,175,423,30
42479002780002,Marathon Oil Company,2024,7,118,178,178,30
42479002780002,Marathon Oil Company,2024,8,33,58,49,30
42479002780002,Marathon Oil Company,2024,9,9,15,19,30
42479002780002,Marathon Oil Company,2024,10,2,3,3,30
42479002790101,Cimarex Energy Company,2024,1,4135,5330,6767,30
42479002790101,Cimarex Energy Company,2024,2,2889,3475,2263,30
42479002790101,Cimarex Energy Company,2024,3,1922,1873,1565,30
42479002790101,Cimarex Energy Company,2024,4,841,1198,1760,30
42479002790101,Cimarex Energy Company,2024,5,381,633,137,30
42479002790101,Cimarex Energy Company,2024,6,111,144,19,30
42479002790101,Cimarex Energy Company,2024,7,35,36,24,30
42479002790101,Cimarex Energy Company,2024,8,10,16,16,30
42479002790101,Cimarex Energy Company,2024,9,2,3,1,30
42479002790101,Cimarex Energy Company,2024,10,0,0,0,0
42479002800002,Marathon Oil Company,2024,1,6001,8119,10191,30
42479002800002,Marathon Oil Company,2024,2,4788,7804,1306,30
42479002800002,Marathon Oil Company,2024,3,3091,4562,4213,30
42479002800002,Marathon Oil Company,2024,4,1651,1561,4091,30
42479002800002,Marathon Oil Company,2024,5,641,1208,124,30
42479002800002,Marathon Oil Company,2024,6,264,506,159,30
42479002800002,Marathon Oil Company,2024,7,80,112,133,30
42479002800002,Marathon Oil Company,2024,8,24,16,48,30
42479002800002,Marathon Oil Company,2024,9,6,8,7,30
42479002800002,Marathon Oil Company,2024,10,1,1,0,30
42479002810002,Laredo Petroleum Inc,2024,1,5339,4735,5772,30
42479002810002,Laredo Petroleum Inc,2024,2,3620,6164,5609,30
42479002810002,Laredo Petroleum Inc,2024,3,2502,1916,5978,30
42479002810002,Laredo Petroleum Inc,2024,4,1207,1426,2096,30
42479002810002,Laredo Petroleum Inc,2024,5,560,329,1034,30
42479002810002,Laredo Petroleum Inc,2024,6,189,181,58,30
42479002810002,Laredo Petroleum Inc,2024,7,61,47,142,30
42479002810002,Laredo Petroleum Inc,2024,8,19,36,38,30
42479002810002,Laredo Petroleum Inc,2024,9,4,4,2,30
42479002810002,Laredo Petroleum Inc,2024,10,0,0,0,0
42479002820002,Endeavor Energy Resources LP,2024,1,5937,6975,13221,30
42479002820002,Endeavor Energy Resources LP,2024,2,4117,6990,2812,30
42479002820002,Endeavor Energy Resources LP,2024,3,2685,3305,2291,30
42479002820002,Endeavor Energy Resources LP,2024,4,1141,1374,2016,30
42479002820002,Endeavor Energy Resources LP,2024,5,448,262,1026,30
42479002820002,Endeavor Energy Resources LP,2024,6,141,113,26,30
42479002820002,Endeavor Energy Resources LP,2024,7,38,50,14,30
42479002820002,Endeavor Energy Resources LP,2024,8,9,9,2,30
42479002820002,Endeavor Energy Resources LP,2024,9,1,1,2,30
42479002820002,Endeavor Energy Resources LP,2024,10,0,0,0,0
42479002830100,Pioneer Natural Resources USA Inc,2024,1,3506,4757,3084,30
42479002830100,Pioneer Natural Resources USA Inc,2024,2,2784,3886,5188,30
42479002830100,Pioneer Natural Resources USA Inc,2024,3,1929,1371,4387,30
42479002830100,Pioneer Natural Resources USA Inc,2024,4,968,817,2116,30
42479002830100,Pioneer Natural Resources USA Inc,2024,5,478,768,792,30
42479002830100,Pioneer Natural Resources USA Inc,2024,6,167,307,301,30
42479002830100,Pioneer Natural Resources USA Inc,2024,7,64,35,62,30
42479002830100,Pioneer Natural Resources USA Inc,2024,8,19,21,14,30
42479002830100,Pioneer Natural Resources USA Inc,2024,9,5,8,8,30
42479002830100,Pioneer Natural Resources USA Inc,2024,10,1,1,1,30
42479002840002,Callon Petroleum Operating Company,2024,1,3883,3661,2551,30
42479002840002,Callon Petroleum Operating Company,2024,2,2828,2205,3596,30
42479002840002,Callon Petroleum Operating Company,2024,3,2312,2062,3430,30
42479002840002,Callon Petroleum Operating Company,2024,4,1158,2003,287,30
42479002840002,Callon Petroleum Operating Company,2024,5,600,1133,1245,30
42479002840002,Callon Petroleum Operating Company,2024,6,249,142,42,30
42479002840002,Callon Petroleum Operating Company,2024,7,110,95,194,30
42479002840002,Callon Petroleum Operating Company,2024,8,41,41,43,30
42479002840002,Callon Petroleum Operating Company,2024,9,13,16,23,30
42479002840002,Callon Petroleum Operating Company,2024,10,3,2,7,30
42479002850102,Apache Corporation,2024,1,5933,8579,931,30
42479002850102,Apache Corporation,2024,2,3907,7724,1020,30
42479002850102,Apache Corporation,2024,3,2373,2840,4099,30
42479002850102,Apache Corporation,2024,4,994,847,191,30
42479002850102,Apache Corporation,2024,5,342,316,513,30
42479002850102,Apache Corporation,2024,6,90,83,63,30
42479002850102,Apache Corporation,2024,7,21,36,3,30
42479002850102,Apache Corporation,2024,8,4,5,6,30
42479002850102,Apache Corporation,2024,9,0,0,0,0
42479002850102,Apache Corporation,2024,10,0,0,0,0
42479002860001,Independence Resources Management LLC,2024,1,1789,903,3828,30
42479002860001,Independence Resources Management LLC,2024,2,1275,1222,203,30
42479002860001,Independence Resources Management LLC,2024,3,881,593,425,30
42479002860001,Independence Resources Management LLC,2024,4,458,620,92,30
42479002860001,Independence Resources Management LLC,2024,5,165,101,371,30
42479002860001,Independence Resources Management LLC,2024,6,65,49,144,30
42479002860001,Independence Resources Management LLC,2024,7,19,29,12,30
42479002860001,Independence Resources Management LLC,2024,8,4,5,4,30
42479002860001,Independence Resources Management LLC,2024,9,1,1,0,30
42479002860001,Independence Resources Management LLC,2024,10,0,0,0,0
42479002870000,Matador Production Company,2024,1,6326,3491,15207,30
42479002870000,Matador Production Company,2024,2,4864,4095,5405,30
42479002870000,Matador Production Company,2024,3,3135,5269,4477,30
42479002870000,Matador Production Company,2024,4,1651,1809,1190,30
42479002870000,Matador Production Company,2024,5,609,1182,673,30
42479002870000,Matador Production Company,2024,6,235,359,350,30
42479002870000,Matador Production Company,2024,7,76,59,142,30
42479002870000,Matador Production Company,2024,8,24,25,30,30
42479002870000,Matador Production Company,2024,9,6,3,12,30
42479002870000,Matador Production Company,2024,10,1,1,2,30
42479002880001,Cimarex Energy Company,2024,1,1854,3005,4217,30
42479002880001,Cimarex Energy Company,2024,2,1514,1565,202,30
42479002880001,Cimarex Energy Company,2024,3,871,441,1781,30
42479002880001,Cimarex Energy Company,2024,4,510,984,792,30
42479002880001,Cimarex Energy Company,2024,5,208,281,179,30
42479002880001,Cimarex Energy Company,2024,6,81,118,97,30
42479002880001,Cimarex Energy Company,2024,7,26,15,64,30
42479002880001,Cimarex Energy Company,2024,8,8,5,3,30
42479002880001,Cimarex Energy Company,2024,9,2,3,2,30
42479002880001,Cimarex Energy Company,2024,10,0,0,0,0
42479002890002,Occidental Petroleum Corporation,2024,1,3299,1656,3034,30
42479002890002,Occidental Petroleum Corporation,2024,2,2267,3420,632,30
42479002890002,Occidental Petroleum Corporation,2024,3,1643,2556,3876,30
42479002890002,Occidental Petroleum Corporation,2024,4,756,429,682,30
42479002890002,Occidental Petroleum Corporation,2024,5,352,701,641,30
42479002890002,Occidental Petroleum Corporation,2024,6,141,227,188,30
42479002890002,Occidental Petroleum Corporation,2024,7,46,41,12,30
42479002890002,Occidental Petroleum Corporation,2024,8,13,23,13,30
42479002890002,Occidental Petroleum Corporation,2024,9,3,3,7,30
42479002890002,Occidental Petroleum Corporation,2024,10,0,0,0,0
42479002900100,Concho Resources Inc,2024,1,0,0,0,0
42479002900100,Concho Resources Inc,2024,2,0,0,0,0
42479002900100,Concho Resources Inc,2024,3,0,0,0,0
42479002900100,Concho Resources Inc,2024,4,0,0,0,0
42479002900100,Concho Resources Inc,2024,5,0,0,0,0
42479002900100,Concho Resources Inc,2024,6,0,0,0,0
42479002900100,Concho Resources Inc,2024,7,0,0,0,0
42479002900100,Concho Resources Inc,2024,8,0,0,0,0
42479002900100,Concho Resources Inc,2024,9,0,0,0,0
42479002900100,Concho Resources Inc,2024,10,0,0,0,0
42255002910001,EOG Resources Inc,2024,1,1890,2697,3361,30
42255002910001,EOG Resources Inc,2024,2,1812,3310,4147,30
42255002910001,EOG Resources Inc,2024,3,1107,1487,331,30
42255002910001,EOG Resources Inc,2024,4,601,366,532,30
42255002910001,EOG Resources Inc,2024,5,289,184,92,30
42255002910001,EOG Resources Inc,2024,6,119,198,276,30
42255002910001,EOG Resources Inc,2024,7,50,30,86,30
42255002910001,EOG Resources Inc,2024,8,14,8,28,30
42255002910001,EOG Resources Inc,2024,9,4,6,5,30
42255002910001,EOG Resources Inc,2024,10,1,1,0,30
42255002920001,Pioneer Natural Resources USA Inc,2024,1,2002,2928,1951,30
42255002920001,Pioneer Natural Resources USA Inc,2024,2,1795,3191,3585,30
42255002920001,Pioneer Natural Resources USA Inc,2024,3,1408,2068,1049,30
42255002920001,Pioneer Natural Resources USA Inc,2024,4,975,1406,1675,30
42255002920001,Pioneer Natural Resources USA Inc,2024,5,497,913,841,30
42255002920001,Pioneer Natural Resources USA Inc,2024,6,284,335,464,30
42255002920001,Pioneer Natural Resources USA Inc,2024,7,120,207,133,30
42255002920001,Pioneer Natural Resources USA Inc,2024,8,49,84,106,30
42255002920001,Pioneer Natural Resources USA Inc,2024,9,22,31,41,30
42255002920001,Pioneer Natural Resources USA Inc,2024,10,6,6,12,30
42255002930002,Occidental Petroleum Corporation,2024,1,2156,4079,4617,30
42255002930002,Occidental Petroleum Corporation,2024,2,1800,1242,4069,30
42255002930002,Occidental Petroleum Corporation,2024,3,1205,1065,809,30
42255002930002,Occidental Petroleum Corporation,2024,4,628,1101,1219,30
42255002930002,Occidental Petroleum Corporation,2024,5,320,450,638,30
42255002930002,Occidental Petroleum Corporation,2024,6,143,187,268,30
42255002930002,Occidental Petroleum Corporation,2024,7,51,97,79,30
42255002930002,Occidental Petroleum Corporation,2024,8,20,25,27,30
42255002930002,Occidental Petroleum Corporation,2024,9,5,9,11,30
42255002930002,Occidental Petroleum Corporation,2024,10,1,0,2,30
42255002940001,Laredo Petroleum Inc,2024,1,4872,7575,1169,30
42255002940001,Laredo Petroleum Inc,2024,2,4088,4868,5346,30
42255002940001,Laredo Petroleum Inc,2024,3,2489,2115,1940,30
42255002940001,Laredo Petroleum Inc,2024,4,1553,919,2666,30
42255002940001,Laredo Petroleum Inc,2024,5,775,1091,552,30
42255002940001,Laredo Petroleum Inc,2024,6,375,441,61,30
42255002940001,Laredo Petroleum Inc,2024,7,142,250,211,30
42255002940001,Laredo Petroleum Inc,2024,8,45,62,27,30
42255002940001,Laredo Petroleum Inc,2024,9,15,15,14,30
42255002940001,Laredo Petroleum Inc,2024,10,4,3,3,30
42255002950100,Permian Resources Operating LLC,2024,1,5136,8977,7341,30
42255002950100,Permian Resources Operating LLC,2024,2,4674,9291,4073,30
42255002950100,Permian Resources Operating LLC,2024,3,2831,2703,5844,30
42255002950100,Permian Resources Operating LLC,2024,4,1326,869,905,30
42255002950100,Permian Resources Operating LLC,2024,5,598,1005,651,30
42255002950100,Permian Resources Operating LLC,2024,6,223,339,378,30
42255002950100,Permian Resources Operating LLC,2024,7,73,44,150,30
42255002950100,Permian Resources Operating LLC,2024,8,18,25,33,30
42255002950100,Permian Resources Operating LLC,2024,9,5,4,8,30
42255002950100,Permian Resources Operating LLC,2024,10,1,1,2,30
42255002960000,Laredo Petroleum Inc,2024,1,5738,4791,11902,30
42255002960000,Laredo Petroleum Inc,2024,2,5730,8927,12533,30
42255002960000,Laredo Petroleum Inc,2024,3,3875,5777,8956,30
42255002960000,Laredo Petroleum Inc,2024,4,2663,4319,5791,30
42255002960000,Laredo Petroleum Inc,2024,5,1821,3587,2846,30
42255002960000,Laredo Petroleum Inc,2024,6,911,574,1957,30
42255002960000,Laredo Petroleum Inc,2024,7,494,532,607,30
42255002960000,Laredo Petroleum Inc,2024,8,187,354,133,30
42255002960000,Laredo Petroleum Inc,2024,9,93,185,129,30
42255002960000,Laredo Petroleum Inc,2024,10,32,45,26,30
42255002970002,Marathon Oil Company,2024,1,1960,2328,2714,30
42255002970002,Marathon Oil Company,2024,2,1473,1554,1363,30
42255002970002,Marathon Oil Company,2024,3,1039,826,1653,30
42255002970002,Marathon Oil Company,2024,4,586,509,654,30
42255002970002,Marathon Oil Company,2024,5,321,441,509,30
42255002970002,Marathon Oil Company,2024,6,159,243,213,30
42255002970002,Marathon Oil Company,2024,7,58,102,69,30
42255002970002,Marathon Oil Company,2024,8,22,35,29,30
42255002970002,Marathon Oil Company,2024,9,7,10,6,30
42255002970002,Marathon Oil Company,2024,10,2,2,1,30
42255002980102,Centennial Resource Production LLC,2024,1,2859,1446,5029,30
42255002980102,Centennial Resource Production LLC,2024,2,2033,3523,2325,30
42255002980102,Centennial Resource Production LLC,2024,3,1442,2774,1714,30
42255002980102,Centennial Resource Production LLC,2024,4,698,1296,1730,30
42255002980102,Centennial Resource Production LLC,2024,5,242,467,361,30
42255002980102,Centennial Resource Production LLC,2024,6,99,100,99,30
42255002980102,Centennial Resource Production LLC,2024,7,30,30,40,30
42255002980102,Centennial Resource Production LLC,2024,8,8,4,2,30
42255002980102,Centennial Resource Production LLC,2024,9,1,1,2,30
42255002980102,Centennial Resource Production LLC,2024,10,0,0,0,0
42255002990000,EOG Resources Inc,2024,1,3171,1988,7669,30
42255002990000,EOG Resources Inc,2024,2,2397,3482,402,30
42255002990000,EOG Resources Inc,2024,3,1730,2347,1565,30
42255002990000,EOG Resources Inc,2024,4,800,812,1075,30
42255002990000,EOG Resources Inc,2024,5,398,456,964,30
42255002990000,EOG Resources Inc,2024,6,168,119,169,30
42255002990000,EOG Resources Inc,2024,7,58,44,104,30
42255002990000,EOG Resources Inc,2024,8,19,26,30,30
42255002990000,EOG Resources Inc,2024,9,5,5,3,30
42255002990000,EOG Resources Inc,2024,10,1,0,0,30
42255003000002,Concho Resources Inc,2024,1,3570,2241,7209,30
42255003000002,Concho Resources Inc,2024,2,2683,1918,1105,30
42255003000002,Concho Resources Inc,2024,3,1467,962,885,30
42255003000002,Concho Resources Inc,2024,4,690,1331,92,30
42255003000002,Concho Resources Inc,2024,5,273,440,582,30
42255003000002,Concho Resources Inc,2024,6,82,134,186,30
42255003000002,Concho Resources Inc,2024,7,24,38,46,30
42255003000002,Concho Resources Inc,2024,8,6,3,13,30
42255003000002,Concho Resources Inc,2024,9,1,1,0,30
42255003000002,Concho Resources Inc,2024,10,0,0,0,0
42255003010100,Centennial Resource Production LLC,2024,1,3799,2982,1073,30
42255003010100,Centennial Resource Production LLC,2024,2,2929,2489,6724,30
42255003010100,Centennial Resource Production LLC,2024,3,1804,2834,3232,30
42255003010100,Centennial Resource Production LLC,2024,4,1012,1295,1152,30
42255003010100,Centennial Resource Production LLC,2024,5,368,214,841,30
42255003010100,Centennial Resource Production LLC,2024,6,157,180,330,30
42255003010100,Centennial Resource Production LLC,2024,7,42,73,31,30
42255003010100,Centennial Resource Production LLC,2024,8,13,22,30,30
42255003010100,Centennial Resource Production LLC,2024,9,3,5,4,30
42255003010100,Centennial Resource Production LLC,2024,10,0,0,0,0
42255003020002,Matador Production Company,2024,1,6088,8778,1940,30
42255003020002,Matador Production Company,2024,2,4088,3446,2465,30
42255003020002,Matador Production Company,2024,3,2189,1808,5041,30
42255003020002,Matador Production Company,2024,4,1067,986,2328,30
42255003020002,Matador Production Company,2024,5,431,552,584,30
42255003020002,Matador Production Company,2024,6,159,174,64,30
42255003020002,Matador Production Company,2024,7,48,67,111,30
42255003020002,Matador Production Company,2024,8,10,14,14,30
42255003020002,Matador Production Company,2024,9,2,1,2,30
42255003020002,Matador Production Company,2024,10,0,0,0,0
42255003030001,Cimarex Energy Company,2024,1,3702,1902,3983,30
42255003030001,Cimarex Energy Company,2024,2,2875,5356,3992,30
42255003030001,Cimarex Energy Company,2024,3,2140,2041,1579,30
42255003030001,Cimarex Energy Company,2024,4,1243,2232,1159,30
42255003030001,Cimarex Energy Company,2024,5,807,1455,1444,30
42255003030001,Cimarex Energy Company,2024,6,342,507,233,30
42255003030001,Cimarex Energy Company,2024,7,144,197,74,30
42255003030001,Cimarex Energy Company,2024,8,56,102,22,30
42255003030001,Cimarex Energy Company,2024,9,17,24,22,30
42255003030001,Cimarex Energy Company,2024,10,4,7,7,30
42255003040001,EOG Resources Inc,2024,1,2510,3556,5809,30
42255003040001,EOG Resources Inc,2024,2,1981,1081,1682,30
42255003040001,EOG Resources Inc,2024,3,1265,1055,2520,30
42255003040001,EOG Resources Inc,2024,4,764,446,1475,30
42255003040001,EOG Resources Inc,2024,5,422,342,377,30
42255003040001,EOG Resources Inc,2024,6,201,239,160,30
42255003040001,EOG Resources Inc,2024,7,79,105,106,30
42255003040001,EOG Resources Inc,2024,8,25,49,49,30
42255003040001,EOG Resources Inc,2024,9,8,15,5,30
42255003040001,EOG Resources Inc,2024,10,2,3,4,30
42255003050001,Chevron USA Inc,2024,1,4723,7462,4904,30
42255003050001,Chevron USA Inc,2024,2,3675,4421,3720,30
42255003050001,Chevron USA Inc,2024,3,2334,1213,1897,30
42255003050001,Chevron USA Inc,2024,4,954,1020,1274,30
42255003050001,Chevron USA Inc,2024,5,430,447,813,30
42255003050001,Chevron USA Inc,2024,6,128,177,166,30
42255003050001,Chevron USA Inc,2024,7,36,34,21,30
42255003050001,Chevron USA Inc,2024,8,7,13,3,30
42255003050001,Chevron USA Inc,2024,9,1,0,2,30
42255003050001,Chevron USA Inc,2024,10,0,0,0,0
42255003060002,Concho Resources Inc,2024,1,6952,5742,7731,30
42255003060002,Concho Resources Inc,2024,2,5199,2937,6611,30
42255003060002,Concho Resources Inc,2024,3,4243,2329,6902,30
42255003060002,Concho Resources Inc,2024,4,2524,4333,2209,30
42255003060002,Concho Resources Inc,2024,5,1141,708,347,30
42255003060002,Concho Resources Inc,2024,6,559,1101,119,30
42255003060002,Concho Resources Inc,2024,7,241,241,357,30
42255003060002,Concho Resources Inc,2024,8,82,45,144,30
42255003060002,Concho Resources Inc,2024,9,27,26,49,30
42255003060002,Concho Resources Inc,2024,10,8,12,10,30
42255003070000,SM Energy Company,2024,1,3681,5285,2843,30
42255003070000,SM Energy Company,2024,2,2796,2527,2467,30
42255003070000,SM Energy Company,2024,3,2380,3422,358,30
42255003070000,SM Energy Company,2024,4,1382,2490,2313,30
42255003070000,SM Energy Company,2024,5,814,1225,405,30
42255003070000,SM Energy Company,2024,6,319,460,86,30
42255003070000,SM Energy Company,2024,7,153,176,355,30
42255003070000,SM Energy Company,2024,8,60,74,93,30
42255003070000,SM Energy Company,2024,9,18,33,28,30
42255003070000,SM Energy Company,2024,10,5,7,8,30
42255003080002,Marathon Oil Company,2024,1,6549,12796,10581,30
42255003080002,Marathon Oil Company,2024,2,5071,7134,1903,30
42255003080002,Marathon Oil Company,2024,3,3319,5151,3235,30
42255003080002,Marathon Oil Company,2024,4,1867,2027,4208,30
42255003080002,Marathon Oil Company,2024,5,684,1125,436,30
42255003080002,Marathon Oil Company,2024,6,282,340,665,30
42255003080002,Marathon Oil Company,2024,7,106,202,90,30
42255003080002,Marathon Oil Company,2024,8,28,51,63,30
42255003080002,Marathon Oil Company,2024,9,8,6,16,30
42255003080002,Marathon Oil Company,2024,10,1,0,2,30
42255003090002,Cimarex Energy Company,2024,1,6294,12304,5098,30
42255003090002,Cimarex Energy Company,2024,2,4118,3314,1005,30
42255003090002,Cimarex Energy Company,2024,3,2741,2516,539,30
42255003090002,Cimarex Energy Company,2024,4,1166,2169,495,30
42255003090002,Cimarex Energy Company,2024,5,456,816,467,30
42255003090002,Cimarex Energy Company,2024,6,169,299,374,30
42255003090002,Cimarex Energy Company,2024,7,43,62,25,30
42255003090002,Cimarex Energy Company,2024,8,10,15,18,30
42255003090002,Cimarex Energy Company,2024,9,2,3,0,30
42255003090002,Cimarex Energy Company,2024,10,0,0,0,0
42255003100002,Matador Production Company,2024,1,8257,9024,13587,30
42255003100002,Matador Production Company,2024,2,6484,3533,9609,30
42255003100002,Matador Production Company,2024,3,4261,2914,2226,30
42255003100002,Matador Production Company,2024,4,2149,4227,671,30
42255003100002,Matador Production Company,2024,5,1148,1870,2597,30
42255003100002,Matador Production Company,2024,6,373,462,680,30
42255003100002,Matador Production Company,2024,7,146,270,72,30
42255003100002,Matador Production Company,2024,8,42,62,61,30
42255003100002,Matador Production Company,2024,9,11,18,16,30
42255003100002,Matador Production Company,2024,10,2,3,0,30
42255003110000,Permian Resources Operating LLC,2024,1,5527,6184,10382,30
42255003110000,Permian Resources Operating LLC,2024,2,3735,7447,9134,30
42255003110000,Permian Resources Operating LLC,2024,3,2236,2316,4522,30
42255003110000,Permian Resources Operating LLC,2024,4,1132,2211,1109,30
42255003110000,Permian Resources Operating LLC,2024,5,426,272,249,30
42255003110000,Permian Resources Operating LLC,2024,6,158,273,306,30
42255003110000,Permian Resources Operating LLC,2024,7,44,78,50,30
42255003110000,Permian Resources Operating LLC,2024,8,11,9,24,30
42255003110000,Permian Resources Operating LLC,2024,9,2,2,2,30
42255003110000,Permian Resources Operating LLC,2024,10,0,0,0,0
42255003120102,Endeavor Energy Resources LP,2024,1,3391,5584,618,30
42255003120102,Endeavor Energy Resources LP,2024,2,3165,5586,4309,30
42255003120102,Endeavor Energy Resources LP,2024,3,2130,3691,472,30
42255003120102,Endeavor Energy Resources LP,2024,4,1332,2152,2194,30
42255003120102,Endeavor Energy Resources LP,2024,5,666,1302,178,30
42255003120102,Endeavor Energy Resources LP,2024,6,291,371,502,30
42255003120102,Endeavor Energy Resources LP,2024,7,130,145,265,30
42255003120102,Endeavor Energy Resources LP,2024,8,39,32,21,30
42255003120102,Endeavor Energy Resources LP,2024,9,13,21,4,30
42255003120102,Endeavor Energy Resources LP,2024,10,4,6,8,30
42255003130001,Independence Resources Management LLC,2024,1,1847,1126,4580,30
42255003130001,Independence Resources Management LLC,2024,2,1646,3221,3640,30
42255003130001,Independence Resources Management LLC,2024,3,994,637,2273,30
42255003130001,Independence Resources Management LLC,2024,4,511,344,65,30
42255003130001,Independence Resources Management LLC,2024,5,193,355,120,30
42255003130001,Independence Resources Management LLC,2024,6,83,134,187,30
42255003130001,Independence Resources Management LLC,2024,7,22,15,34,30
42255003130001,Independence Resources Management LLC,2024,8,6,9,12,30
42255003130001,Independence Resources Management LLC,2024,9,1,1,0,30
42255003130001,Independence Resources Management LLC,2024,10,0,0,0,0
42255003140002,Apache Corporation,2024,1,1299,1688,1205,30
42255003140002,Apache Corporation,2024,2,1315,2583,1696,30
42255003140002,Apache Corporation,2024,3,851,1029,1619,30
42255003140002,Apache Corporation,2024,4,628,511,602,30
42255003140002,Apache Corporation,2024,5,312,573,375,30
42255003140002,Apache Corporation,2024,6,162,156,45,30
42255003140002,Apache Corporation,2024,7,69,87,132,30
42255003140002,Apache Corporation,2024,8,31,28,11,30
42255003140002,Apache Corporation,2024,9,11,6,23,30
42255003140002,Apache Corporation,2024,10,4,7,5,30
42255003150002,Apache Corporation,2024,1,6464,10820,10141,30
42255003150002,Apache Corporation,2024,2,5017,4620,1229,30
42255003150002,Apache Corporation,2024,3,3259,4292,7127,30
42255003150002,Apache Corporation,2024,4,1608,877,213,30
42255003150002,Apache Corporation,2024,5,826,1417,1286,30
42255003150002,Apache Corporation,2024,6,319,422,731,30
42255003150002,Apache Corporation,2024,7,115,150,121,30
42255003150002,Apache Corporation,2024,8,35,60,24,30
42255003150002,Apache Corporation,2024,9,9,17,3,30
42255003150002,Apache Corporation,2024,10,2,2,1,30
42255003160000,Cimarex Energy Company,2024,1,4176,4635,2577,30
42255003160000,Cimarex Energy Company,2024,2,3954,2222,7978,30
42255003160000,Cimarex Energy Company,2024,3,2929,3898,2666,30
42255003160000,Cimarex Energy Company,2024,4,1850,2948,3640,30
42255003160000,Cimarex Energy Company,2024,5,1142,1256,896,30
42255003160000,Cimarex Energy Company,2024,6,509,979,712,30
42255003160000,Cimarex Energy Company,2024,7,272,428,387,30
42255003160000,Cimarex Energy Company,2024,8,114,202,250,30
42255003160000,Cimarex Energy Company,2024,9,42,35,28,30
42255003160000,Cimarex Energy Company,2024,10,15,17,23,30
42255003170002,Marathon Oil Company,2024,1,1496,1395,2376,30
42255003170002,Marathon Oil Company,2024,2,999,733,2243,30
42255003170002,Marathon Oil Company,2024,3,589,801,1163,30
42255003170002,Marathon Oil Company,2024,4,268,251,618,30
42255003170002,Marathon Oil Company,2024,5,94,146,203,30
42255003170002,Marathon Oil Company,2024,6,26,25,29,30
42255003170002,Marathon Oil Company,2024,7,5,8,7,30
42255003170002,Marathon Oil Company,2024,8,1,0,1,30
42255003170002,Marathon Oil Company,2024,9,0,0,0,0
42255003170002,Marathon Oil Company,2024,10,0,0,0,0
42255003180001,Callon Petroleum Operating Company,2024,1,2735,2855,918,30
42255003180001,Callon Petroleum Operating Company,2024,2,2287,2222,2924,30
42255003180001,Callon Petroleum Operating Company,2024,3,1635,1111,674,30
42255003180001,Callon Petroleum Operating Company,2024,4,1017,1341,658,30
42255003180001,Callon Petroleum Operating Company,2024,5,526,755,472,30
42255003180001,Callon Petroleum Operating Company,2024,6,244,206,361,30
42255003180001,Callon Petroleum Operating Company,2024,7,104,154,110,30
42255003180001,Callon Petroleum Operating Company,2024,8,34,25,24,30
42255003180001,Callon Petroleum Operating Company,2024,9,10,15,8,30
42255003180001,Callon Petroleum Operating Company,2024,10,3,4,1,30
42255003190000,Centennial Resource Production LLC,2024,1,3497,3168,7713,30
42255003190000,Centennial Resource Production LLC,2024,2,2983,1953,937,30
42255003190000,Centennial Resource Production LLC,2024,3,2074,3617,1035,30
42255003190000,Centennial Resource Production LLC,2024,4,1226,668,2425,30
42255003190000,Centennial Resource Production LLC,2024,5,649,778,594,30
42255003190000,Centennial Resource Production LLC,2024,6,245,438,183,30
42255003190000,Centennial Resource Production LLC,2024,7,106,129,242,30
42255003190000,Centennial Resource Production LLC,2024,8,33,28,62,30
42255003190000,Centennial Resource Production LLC,2024,9,11,16,26,30
42255003190000,Centennial Resource Production LLC,2024,10,3,3,3,30
42255003200002,Devon Energy Production Company LP,2024,1,3270,3897,6978,30
42255003200002,Devon Energy Production Company LP,2024,2,2211,2708,3800,30
42255003200002,Devon Energy Production Company LP,2024,3,1185,1621,200,30
42255003200002,Devon Energy Production Company LP,2024,4,586,569,1454,30
42255003200002,Devon Energy Production Company LP,2024,5,223,150,71,30
42255003200002,Devon Energy Production Company LP,2024,6,81,109,133,30
42255003200002,Devon Energy Production Company LP,2024,7,26,20,12,30
42255003200002,Devon Energy Production Company LP,2024,8,6,4,14,30
42255003200002,Devon Energy Production Company LP,2024,9,1,1,1,30
42255003200002,Devon Energy Production Company LP,2024,10,0,0,0,0
42255003210002,Devon Energy Production Company LP,2024,1,4184,4874,8830,30
42255003210002,Devon Energy Production Company LP,2024,2,3236,5798,3826,30
42255003210002,Devon Energy Production Company LP,2024,3,1972,3350,1113,30
42255003210002,Devon Energy Production Company LP,2024,4,1001,560,1976,30
42255003210002,Devon Energy Production Company LP,2024,5,388,674,572,30
42255003210002,Devon Energy Production Company LP,2024,6,143,190,248,30
42255003210002,Devon Energy Production Company LP,2024,7,44,54,7,30
42255003210002,Devon Energy Production Company LP,2024,8,12,8,3,30
42255003210002,Devon Energy Production Company LP,2024,9,3,4,6,30
42255003210002,Devon Energy Production Company LP,2024,10,0,0,0,0
42255003220002,EOG Resources Inc,2024,1,1451,2688,2152,30
42255003220002,EOG Resources Inc,2024,2,1115,2177,443,30
42255003220002,EOG Resources Inc,2024,3,874,761,1333,30
42255003220002,EOG Resources Inc,2024,4,499,612,355,30
42255003220002,EOG Resources Inc,2024,5,261,458,495,30
42255003220002,EOG Resources Inc,2024,6,109,149,161,30
42255003220002,EOG Resources Inc,2024,7,48,52,20,30
42255003220002,EOG Resources Inc,2024,8,19,12,46,30
42255003220002,EOG Resources Inc,2024,9,6,11,7,30
42255003220002,EOG Resources Inc,2024,10,1,1,1,30
42255003230001,Chevron USA Inc,2024,1,3018,3180,2518,30
42255003230001,Chevron USA Inc,2024,2,2452,4136,4142,30
42255003230001,Chevron USA Inc,2024,3,1184,1281,2099,30
42255003230001,Chevron USA Inc,2024,4,637,734,958,30
42255003230001,Chevron USA Inc,2024,5,225,220,191,30
42255003230001,Chevron USA Inc,2024,6,71,52,146,30
42255003230001,Chevron USA Inc,2024,7,18,35,10,30
42255003230001,Chevron USA Inc,2024,8,3,2,6,30
42255003230001,Chevron USA Inc,2024,9,0,0,0,0
42255003230001,Chevron USA Inc,2024,10,0,0,0,0
42255003240001,Apache Corporation,2024,1,4239,2768,7928,30
42255003240001,Apache Corporation,2024,2,3271,3238,648,30
42255003240001,Apache Corporation,2024,3,1953,2058,4291,30
42255003240001,Apache Corporation,2024,4,1088,1804,896,30
42255003240001,Apache Corporation,2024,5,488,525,154,30
42255003240001,Apache Corporation,2024,6,147,160,75,30
42255003240001,Apache Corporation,2024,7,51,99,114,30
42255003240001,Apache Corporation,2024,8,12,12,10,30
42255003240001,Apache Corporation,2024,9,3,3,5,30
42255003240001,Apache Corporation,2024,10,0,0,0,0
42255003250002,Centennial Resource Production LLC,2024,1,3562,6429,4257,30
42255003250002,Centennial Resource Production LLC,2024,2,2917,5705,3598,30
42255003250002,Centennial Resource Production LLC,2024,3,1838,1229,1690,30
42255003250002,Centennial Resource Production LLC,2024,4,996,1640,410,30
42255003250002,Centennial Resource Production LLC,2024,5,469,934,867,30
42255003250002,Centennial Resource Production LLC,2024,6,197,124,414,30
42255003250002,Centennial Resource Production LLC,2024,7,63,91,151,30
42255003250002,Centennial Resource Production LLC,2024,8,20,37,44,30
42255003250002,Centennial Resource Production LLC,2024,9,7,12,5,30
42255003250002,Centennial Resource Production LLC,2024,10,1,1,2,30
42255003260002,EOG Resources Inc,2024,1,3283,5515,3932,30
42255003260002,EOG Resources Inc,2024,2,2616,2932,1344,30
42255003260002,EOG Resources Inc,2024,3,1645,1839,3611,30
42255003260002,EOG Resources Inc,2024,4,815,1224,497,30
42255003260002,EOG Resources Inc,2024,5,388,775,796,30
42255003260002,EOG Resources Inc,2024,6,128,239,171,30
42255003260002,EOG Resources Inc,2024,7,42,67,90,30
42255003260002,EOG Resources Inc,2024,8,13,15,31,30
42255003260002,EOG Resources Inc,2024,9,3,2,2,30
42255003260002,EOG Resources Inc,2024,10,0,0,0,0
42255003270102,Concho Resources Inc,2024,1,2542,5056,4957,30
42255003270102,Concho Resources Inc,2024,2,1834,1032,2606,30
42255003270102,Concho Resources Inc,2024,3,1299,1083,2483,30
42255003270102,Concho Resources Inc,2024,4,735,978,925,30
42255003270102,Concho Resources Inc,2024,5,316,536,77,30
42255003270102,Concho Resources Inc,2024,6,116,155,196,30
42255003270102,Concho Resources Inc,2024,7,38,51,70,30
42255003270102,Concho Resources Inc,2024,8,13,10,18,30
42255003270102,Concho Resources Inc,2024,9,3,3,6,30
42255003270102,Concho Resources Inc,2024,10,0,0,0,0
42255003280001,ConocoPhillips Company,2024,1,2202,3230,271,30
42255003280001,ConocoPhillips Company,2024,2,1729,2965,3670,30
42255003280001,ConocoPhillips Company,2024,3,1089,591,1277,30
42255003280001,ConocoPhillips Company,2024,4,490,491,622,30
42255003280001,ConocoPhillips Company,2024,5,163,101,222,30
42255003280001,ConocoPhillips Company,2024,6,50,77,95,30
42255003280001,ConocoPhillips Company,2024,7,14,18,32,30
42255003280001,ConocoPhillips Company,2024,8,3,5,5,30
42255003280001,ConocoPhillips Company,2024,9,0,0,0,0
42255003280001,ConocoPhillips Company,2024,10,0,0,0,0
42255003290001,Independence Resources Management LLC,2024,1,5257,9252,5696,30
42255003290001,Independence Resources Management LLC,2024,2,4790,2974,10278,30
42255003290001,Independence Resources Management LLC,2024,3,3677,3993,6308,30
42255003290001,Independence Resources Management LLC,2024,4,2493,2617,5108,30
42255003290001,Independence Resources Management LLC,2024,5,1495,1955,1285,30
42255003290001,Independence Resources Management LLC,2024,6,774,597,870,30
42255003290001,Independence Resources Management LLC,2024,7,365,477,352,30
42255003290001,Independence Resources Management LLC,2024,8,168,178,53,30
42255003290001,Independence Resources Management LLC,2024,9,68,117,90,30
42255003290001,Independence Resources Management LLC,2024,10,27,41,9,30
42255003300000,Occidental Petroleum Corporation,2024,1,6243,6005,1498,30
42255003300000,Occidental Petroleum Corporation,2024,2,5087,3845,10827,30
42255003300000,Occidental Petroleum Corporation,2024,3,3097,4013,5239,30
42255003300000,Occidental Petroleum Corporation,2024,4,1862,1904,1729,30
42255003300000,Occidental Petroleum Corporation,2024,5,894,1126,2132,30
42255003300000,Occidental Petroleum Corporation,2024,6,390,372,265,30
42255003300000,Occidental Petroleum Corporation,2024,7,149,261,340,30
42255003300000,Occidental Petroleum Corporation,2024,8,58,32,144,30
42255003300000,Occidental Petroleum Corporation,2024,9,15,21,28,30
42255003300000,Occidental Petroleum Corporation,2024,10,4,4,7,30
42255003310001,SM Energy Company,2024,1,1393,2336,2123,30
42255003310001,SM Energy Company,2024,2,973,535,241,30
42255003310001,SM Energy Company,2024,3,567,699,1200,30
42255003310001,SM Energy Company,2024,4,279,259,295,30
42255003310001,SM Energy Company,2024,5,109,145,167,30
42255003310001,SM Energy Company,2024,6,30,27,16,30
42255003310001,SM Energy Company,2024,7,7,10,7,30
42255003310001,SM Energy Company,2024,8,1,0,2,30
42255003310001,SM Energy Company,2024,9,0,0,0,0
42255003310001,SM Energy Company,2024,10,0,0,0,0
42255003320102,EOG Resources Inc,2024,1,1835,3613,2260,30
42255003320102,EOG Resources Inc,2024,2,1569,3029,2846,30
42255003320102,EOG Resources Inc,2024,3,923,561,107,30
42255003320102,EOG Resources Inc,2024,4,375,719,563,30
42255003320102,EOG Resources Inc,2024,5,153,121,255,30
42255003320102,EOG Resources Inc,2024,6,42,42,98,30
42255003320102,EOG Resources Inc,2024,7,12,6,7,30
42255003320102,EOG Resources Inc,2024,8,2,2,0,30
42255003320102,EOG Resources Inc,2024,9,0,0,0,0
42255003320102,EOG Resources Inc,2024,10,0,0,0,0
42255003330002,Devon Energy Production Company LP,2024,1,4941,6917,1692,30
42255003330002,Devon Energy Production Company LP,2024,2,3698,5813,7478,30
42255003330002,Devon Energy Production Company LP,2024,3,2413,4377,3868,30
42255003330002,Devon Energy Production Company LP,2024,4,1302,2482,2247,30
42255003330002,Devon Energy Production Company LP,2024,5,467,689,1110,30
42255003330002,Devon Energy Production Company LP,2024,6,186,310,312,30
42255003330002,Devon Energy Production Company LP,2024,7,60,96,8,30
42255003330002,Devon Energy Production Company LP,2024,8,15,27,24,30
42255003330002,Devon Energy Production Company LP,2024,9,3,3,2,30
42255003330002,Devon Energy Production Company LP,2024,10,0,0,0,0
42255003340102,Parsley Energy Operations LLC,2024,1,2735,2475,4524,30
42255003340102,Parsley Energy Operations LLC,2024,2,2150,3725,2426,30
42255003340102,Parsley Energy Operations LLC,2024,3,1278,2024,1240,30
42255003340102,Parsley Energy Operations LLC,2024,4,553,507,404,30
42255003340102,Parsley Energy Operations LLC,2024,5,214,164,291,30
42255003340102,Parsley Energy Operations LLC,2024,6,62,101,37,30
42255003340102,Parsley Energy Operations LLC,2024,7,14,23,2,30
42255003340102,Parsley Energy Operations LLC,2024,8,3,5,3,30
42255003340102,Parsley Energy Operations LLC,2024,9,0,0,0,0
42255003340102,Parsley Energy Operations LLC,2024,10,0,0,0,0
42255003350002,Matador Production Company,2024,1,2497,1400,1015,30
42255003350002,Matador Production Company,2024,2,1853,969,1946,30
42255003350002,Matador Production Company,2024,3,1220,1694,2689,30
42255003350002,Matador Production Company,2024,4,626,1144,849,30
42255003350002,Matador Production Company,2024,5,255,460,436,30
42255003350002,Matador Production Company,2024,6,79,45,84,30
42255003350002,Matador Production Company,2024,7,22,31,13,30
42255003350002,Matador Production Company,2024,8,5,5,6,30
42255003350002,Matador Production Company,2024,9,1,1,0,30
42255003350002,Matador Production Company,2024,10,0,0,0,0
42255003360100,Diamondback E&P LLC,2024,1,5165,6022,4885,30
42255003360100,Diamondback E&P LLC,2024,2,4046,5340,2754,30
42255003360100,Diamondback E&P LLC,2024,3,2116,3990,2455,30
42255003360100,Diamondback E&P LLC,2024,4,1146,1055,1689,30
42255003360100,Diamondback E&P LLC,2024,5,399,538,258,30
42255003360100,Diamondback E&P LLC,2024,6,129,223,92,30
42255003360100,Diamondback E&P LLC,2024,7,34,40,78,30
42255003360100,Diamondback E&P LLC,2024,8,8,8,0,30
42255003360100,Diamondback E&P LLC,2024,9,1,1,1,30
42255003360100,Diamondback E&P LLC,2024,10,0,0,0,0
42255003370002,SM Energy Company,2024,1,3561,5188,8389,30
42255003370002,SM Energy Company,2024,2,2693,3441,4609,30
42255003370002,SM Energy Company,2024,3,1783,1699,3100,30
42255003370002,SM Energy Company,2024,4,1094,922,1030,30
42255003370002,SM Energy Company,2024,5,477,619,799,30
42255003370002,SM Energy Company,2024,6,204,294,120,30
42255003370002,SM Energy Company,2024,7,86,167,179,30
42255003370002,SM Energy Company,2024,8,23,19,54,30
42255003370002,SM Energy Company,2024,9,7,6,5,30
42255003370002,SM Energy Company,2024,10,2,3,2,30
42255003380000,Centennial Resource Production LLC,2024,1,4370,4042,10674,30
42255003380000,Centennial Resource Production LLC,2024,2,3938,3209,4300,30
42255003380000,Centennial Resource Production LLC,2024,3,2657,2983,6157,30
42255003380000,Centennial Resource Production LLC,2024,4,1428,2022,2793,30
42255003380000,Centennial Resource Production LLC,2024,5,742,1218,1653,30
42255003380000,Centennial Resource Production LLC,2024,6,379,676,666,30
42255003380000,Centennial Resource Production LLC,2024,7,149,277,182,30
42255003380000,Centennial Resource Production LLC,2024,8,56,68,88,30
42255003380000,Centennial Resource Production LLC,2024,9,18,32,42,30
42255003380000,Centennial Resource Production LLC,2024,10,5,3,6,30
42255003390002,Callon Petroleum Operating Company,2024,1,3684,3993,3463,30
42255003390002,Callon Petroleum Operating Company,2024,2,2883,4338,5924,30
42255003390002,Callon Petroleum Operating Company,2024,3,1669,3279,1256,30
42255003390002,Callon Petroleum Operating Company,2024,4,855,1189,2058,30
42255003390002,Callon Petroleum Operating Company,2024,5,375,417,266,30
42255003390002,Callon Petroleum Operating Company,2024,6,122,184,244,30
42255003390002,Callon Petroleum Operating Company,2024,7,34,64,81,30
42255003390002,Callon Petroleum Operating Company,2024,8,8,7,11,30
42255003390002,Callon Petroleum Operating Company,2024,9,2,3,4,30
42255003390002,Callon Petroleum Operating Company,2024,10,0,0,0,0
42255003400000,Matador Production Company,2024,1,5705,9156,7450,30
42255003400000,Matador Production Company,2024,2,4572,6451,3457,30
42255003400000,Matador Production Company,2024,3,2149,2234,2044,30
42255003400000,Matador Production Company,2024,4,956,1664,1975,30
42255003400000,Matador Production Company,2024,5,359,552,310,30
42255003400000,Matador Production Company,2024,6,110,103,143,30
42255003400000,Matador Production Company,2024,7,25,32,11,30
42255003400000,Matador Production Company,2024,8,4,4,0,30
42255003400000,Matador Production Company,2024,9,0,0,0,0
42255003400000,Matador Production Company,2024,10,0,0,0,0
42255003410002,Laredo Petroleum Inc,2024,1,6454,4575,11271,30
42255003410002,Laredo Petroleum Inc,2024,2,4833,6263,856,30
42255003410002,Laredo Petroleum Inc,2024,3,3201,3140,4195,30
42255003410002,Laredo Petroleum Inc,2024,4,2017,1270,226,30
42255003410002,Laredo Petroleum Inc,2024,5,875,1415,182,30
42255003410002,Laredo Petroleum Inc,2024,6,369,433,805,30
42255003410002,Laredo Petroleum Inc,2024,7,140,190,222,30
42255003410002,Laredo Petroleum Inc,2024,8,45,57,50,30
42255003410002,Laredo Petroleum Inc,2024,9,15,16,22,30
42255003410002,Laredo Petroleum Inc,2024,10,3,1,1,30
42255003420102,EOG Resources Inc,2024,1,4297,8134,4607,30
42255003420102,EOG Resources Inc,2024,2,3027,3453,7415,30
42255003420102,EOG Resources Inc,2024,3,2378,3871,4738,30
42255003420102,EOG Resources Inc,2024,4,1227,2397,1603,30
42255003420102,EOG Resources Inc,2024,5,624,1208,167,30
42255003420102,EOG Resources Inc,2024,6,282,466,639,30
42255003420102,EOG Resources Inc,2024,7,125,73,25,30
42255003420102,EOG Resources Inc,2024,8,37,41,14,30
42255003420102,EOG Resources Inc,2024,9,13,20,20,30
42255003420102,EOG Resources Inc,2024,10,3,2,1,30
42255003430002,Callon Petroleum Operating Company,2024,1,2525,3944,322,30
42255003430002,Callon Petroleum Operating Company,2024,2,1774,998,469,30
42255003430002,Callon Petroleum Operating Company,2024,3,1069,1178,2186,30
42255003430002,Callon Petroleum Operating Company,2024,4,518,752,169,30
42255003430002,Callon Petroleum Operating Company,2024,5,223,358,71,30
42255003430002,Callon Petroleum Operating Company,2024,6,75,95,108,30
42255003430002,Callon Petroleum Operating Company,2024,7,18,23,34,30
42255003430002,Callon Petroleum Operating Company,2024,8,5,9,10,30
42255003430002,Callon Petroleum Operating Company,2024,9,1,1,0,30
42255003430002,Callon Petroleum Operating Company,2024,10,0,0,0,0
42255003440001,Concho Resources Inc,2024,1,2165,1441,2823,30
42255003440001,Concho Resources Inc,2024,2,2002,3707,2566,30
42255003440001,Concho Resources Inc,2024,3,1289,1919,152,30
42255003440001,Concho Resources Inc,2024,4,840,439,1378,30
42255003440001,Concho Resources Inc,2024,5,467,816,1109,30
42255003440001,Concho Resources Inc,2024,6,229,394,490,30
42255003440001,Concho Resources Inc,2024,7,97,188,47,30
42255003440001,Concho Resources Inc,2024,8,39,64,88,30
42255003440001,Concho Resources Inc,2024,9,13,16,1,30
42255003440001,Concho Resources Inc,2024,10,4,7,1,30
42255003450001,EOG Resources Inc,2024,1,3999,7450,900,30
42255003450001,EOG Resources Inc,2024,2,2930,2742,3654,30
42255003450001,EOG Resources Inc,2024,3,2200,4144,605,30
42255003450001,EOG Resources Inc,2024,4,1509,2209,1947,30
42255003450001,EOG Resources Inc,2024,5,768,1204,1101,30
42255003450001,EOG Resources Inc,2024,6,373,480,175,30
42255003450001,EOG Resources Inc,2024,7,176,249,125,30
42255003450001,EOG Resources Inc,2024,8,72,37,74,30
42255003450001,EOG Resources Inc,2024,9,24,17,6,30
42255003450001,EOG Resources Inc,2024,10,6,5,13,30
42255003460002,Laredo Petroleum Inc,2024,1,4823,8763,1217,30
42255003460002,Laredo Petroleum Inc,2024,2,4362,2909,9849,30
42255003460002,Laredo Petroleum Inc,2024,3,3530,6586,6536,30
42255003460002,Laredo Petroleum Inc,2024,4,1939,3622,3500,30
42255003460002,Laredo Petroleum Inc,2024,5,981,952,2157,30
42255003460002,Laredo Petroleum Inc,2024,6,487,856,1034,30
42255003460002,Laredo Petroleum Inc,2024,7,217,206,123,30
42255003460002,Laredo Petroleum Inc,2024,8,72,62,63,30
42255003460002,Laredo Petroleum Inc,2024,9,23,38,50,30
42255003460002,Laredo Petroleum Inc,2024,10,7,10,13,30
42255003470102,Independence Resources Management LLC,2024,1,4846,2621,10736,30
42255003470102,Independence Resources Management LLC,2024,2,3657,7098,3761,30
42255003470102,Independence Resources Management LLC,2024,3,2268,1632,3333,30
42255003470102,Independence Resources Management LLC,2024,4,1182,1569,2558,30
42255003470102,Independence Resources Management LLC,2024,5,465,278,1125,30
42255003470102,Independence Resources Management LLC,2024,6,154,190,26,30
42255003470102,Independence Resources Management LLC,2024,7,45,37,14,30
42255003470102,Independence Resources Management LLC,2024,8,11,8,21,30
42255003470102,Independence Resources Management LLC,2024,9,2,1,4,30
42255003470102,Independence Resources Management LLC,2024,10,0,0,0,0
42255003480002,Diamondback E&P LLC,2024,1,5952,4219,4261,30
42255003480002,Diamondback E&P LLC,2024,2,4416,7198,9352,30
42255003480002,Diamondback E&P LLC,2024,3,2409,2551,2697,30
42255003480002,Diamondback E&P LLC,2024,4,1325,1544,970,30
42255003480002,Diamondback E&P LLC,2024,5,564,935,1241,30
42255003480002,Diamondback E&P LLC,2024,6,206,115,426,30
42255003480002,Diamondback E&P LLC,2024,7,65,33,98,30
42255003480002,Diamondback E&P LLC,2024,8,17,20,35,30
42255003480002,Diamondback E&P LLC,2024,9,4,6,0,30
42255003480002,Diamondback E&P LLC,2024,10,0,0,0,0
42255003490002,Occidental Petroleum Corporation,2024,1,3491,6500,5532,30
42255003490002,Occidental Petroleum Corporation,2024,2,3127,1663,2491,30
42255003490002,Occidental Petroleum Corporation,2024,3,2145,2649,2553,30
42255003490002,Occidental Petroleum Corporation,2024,4,1350,2473,1570,30
42255003490002,Occidental Petroleum Corporation,2024,5,663,916,351,30
42255003490002,Occidental Petroleum Corporation,2024,6,269,239,462,30
42255003490002,Occidental Petroleum Corporation,2024,7,113,201,156,30
42255003490002,Occidental Petroleum Corporation,2024,8,43,61,46,30
42255003490002,Occidental Petroleum Corporation,2024,9,13,16,20,30
42255003490002,Occidental Petroleum Corporation,2024,10,3,5,6,30
42255003500001,Matador Production Company,2024,1,2684,2080,6491,30
42255003500001,Matador Production Company,2024,2,2238,4263,2304,30
42255003500001,Matador Production Company,2024,3,1986,3467,4043,30
42255003500001,Matador Production Company,2024,4,1179,1525,357,30
42255003500001,Matador Production Company,2024,5,709,920,729,30
42255003500001,Matador Production Company,2024,6,365,719,509,30
42255003500001,Matador Production Company,2024,7,192,267,22,30
42255003500001,Matador Production Company,2024,8,88,78,73,30
42255003500001,Matador Production Company,2024,9,32,50,12,30
42255003500001,Matador Production Company,2024,10,13,17,28,30
42255003510002,EOG Resources Inc,2024,1,5114,7763,12193,30
42255003510002,EOG Resources Inc,2024,2,3448,3179,1062,30
42255003510002,EOG Resources Inc,2024,3,2130,1708,1860,30
42255003510002,EOG Resources Inc,2024,4,978,1036,518,30
42255003510002,EOG Resources Inc,2024,5,408,373,373,30
42255003510002,EOG Resources Inc,2024,6,128,153,267,30
42255003510002,EOG Resources Inc,2024,7,35,45,73,30
42255003510002,EOG Resources Inc,2024,8,7,3,9,30
42255003510002,EOG Resources Inc,2024,9,1,1,2,30
42255003510002,EOG Resources Inc,2024,10,0,0,0,0
42255003520002,EOG Resources Inc,2024,1,2284,2877,5263,30
42255003520002,EOG Resources Inc,2024,2,2120,1132,1887,30
42255003520002,EOG Resources Inc,2024,3,1204,2139,784,30
42255003520002,EOG Resources Inc,2024,4,732,1360,335,30
42255003520002,EOG Resources Inc,2024,5,384,309,155,30
42255003520002,EOG Resources Inc,2024,6,148,291,267,30
42255003520002,EOG Resources Inc,2024,7,56,28,86,30
42255003520002,EOG Resources Inc,2024,8,18,14,41,30
42255003520002,EOG Resources Inc,2024,9,6,10,4,30
42255003520002,EOG Resources Inc,2024,10,1,1,2,30
42255003530000,EOG Resources Inc,2024,1,3263,2946,5658,30
42255003530000,EOG Resources Inc,2024,2,2520,4536,3067,30
42255003530000,EOG Resources Inc,2024,3,1345,1998,2044,30
42255003530000,EOG Resources Inc,2024,4,603,973,279,30
42255003530000,EOG Resources Inc,2024,5,278,311,57,30
42255003530000,EOG Resources Inc,2024,6,89,71,29,30
42255003530000,EOG Resources Inc,2024,7,22,16,24,30
42255003530000,EOG Resources Inc,2024,8,4,6,1,30
42255003530000,EOG Resources Inc,2024,9,1,0,0,30
42255003530000,EOG Resources Inc,2024,10,0,0,0,0
42255003540002,Endeavor Energy Resources LP,2024,1,6274,8727,12835,30
42255003540002,Endeavor Energy Resources LP,2024,2,4908,9281,4407,30
42255003540002,Endeavor Energy Resources LP,2024,3,2714,4157,3355,30
42255003540002,Endeavor Energy Resources LP,2024,4,1176,1267,2308,30
42255003540002,Endeavor Energy Resources LP,2024,5,400,484,872,30
42255003540002,Endeavor Energy Resources LP,2024,6,127,171,77,30
42255003540002,Endeavor Energy Resources LP,2024,7,38,73,31,30
42255003540002,Endeavor Energy Resources LP,2024,8,7,10,16,30
42255003540002,Endeavor Energy Resources LP,2024,9,1,0,0,30
42255003540002,Endeavor Energy Resources LP,2024,10,0,0,0,0
42255003550101,Devon Energy Production Company LP,2024,1,2586,2624,2346,30
42255003550101,Devon Energy Production Company LP,2024,2,1928,1872,2756,30
42255003550101,Devon Energy Production Company LP,2024,3,1277,2016,699,30
42255003550101,Devon Energy Production Company LP,2024,4,844,1237,406,30
42255003550101,Devon Energy Production Company LP,2024,5,410,424,475,30
42255003550101,Devon Energy Production Company LP,2024,6,159,233,181,30
42255003550101,Devon Energy Production Company LP,2024,7,57,72,102,30
42255003550101,Devon Energy Production Company LP,2024,8,17,27,6,30
42255003550101,Devon Energy Production Company LP,2024,9,4,6,9,30
42255003550101,Devon Energy Production Company LP,2024,10,1,1,0,30
42255003560000,Permian Resources Operating LLC,2024,1,0,0,0,0
42255003560000,Permian Resources Operating LLC,2024,2,0,0,0,0
42255003560000,Permian Resources Operating LLC,2024,3,0,0,0,0
42255003560000,Permian Resources Operating LLC,2024,4,0,0,0,0
42255003560000,Permian Resources Operating LLC,2024,5,0,0,0,0
42255003560000,Permian Resources Operating LLC,2024,6,0,0,0,0
42255003560000,Permian Resources Operating LLC,2024,7,0,0,0,0
42255003560000,Permian Resources Operating LLC,2024,8,0,0,0,0
42255003560000,Permian Resources Operating LLC,2024,9,0,0,0,0
42255003560000,Permian Resources Operating LLC,2024,10,0,0,0,0
42255003570000,Laredo Petroleum Inc,2024,1,5250,5061,3386,30
42255003570000,Laredo Petroleum Inc,2024,2,4072,4059,9077,30
42255003570000,Laredo Petroleum Inc,2024,3,2365,3994,5531,30
42255003570000,Laredo Petroleum Inc,2024,4,1160,970,1848,30
42255003570000,Laredo Petroleum Inc,2024,5,473,832,577,30
42255003570000,Laredo Petroleum Inc,2024,6,198,136,31,30
42255003570000,Laredo Petroleum Inc,2024,7,63,37,119,30
42255003570000,Laredo Petroleum Inc,2024,8,15,26,12,30
42255003570000,Laredo Petroleum Inc,2024,9,3,3,2,30
42255003570000,Laredo Petroleum Inc,2024,10,1,1,1,30
42255003580001,Centennial Resource Production LLC,2024,1,8675,6653,3274,30
42255003580001,Centennial Resource Production LLC,2024,2,6536,10928,9920,30
42255003580001,Centennial Resource Production LLC,2024,3,4090,6224,6367,30
42255003580001,Centennial Resource Production LLC,2024,4,1984,1874,2371,30
42255003580001,Centennial Resource Production LLC,2024,5,773,733,1032,30
42255003580001,Centennial Resource Production LLC,2024,6,335,504,759,30
42255003580001,Centennial Resource Production LLC,2024,7,98,166,213,30
42255003580001,Centennial Resource Production LLC,2024,8,25,23,15,30
42255003580001,Centennial Resource Production LLC,2024,9,7,5,3,30
42255003580001,Centennial Resource Production LLC,2024,10,1,0,2,30
42255003590000,Permian Resources Operating LLC,2024,1,3309,3752,3982,30
42255003590000,Permian Resources Operating LLC,2024,2,3004,5947,6489,30
42255003590000,Permian Resources Operating LLC,2024,3,2207,2257,254,30
42255003590000,Permian Resources Operating LLC,2024,4,1411,756,890,30
42255003590000,Permian Resources Operating LLC,2024,5,713,918,774,30
42255003590000,Permian Resources Operating LLC,2024,6,344,420,366,30
42255003590000,Permian Resources Operating LLC,2024,7,144,73,246,30
42255003590000,Permian Resources Operating LLC,2024,8,51,72,51,30
42255003590000,Permian Resources Operating LLC,2024,9,18,35,7,30
42255003590000,Permian Resources Operating LLC,2024,10,5,8,10,30
42255003600101,Apache Corporation,2024,1,2030,2844,854,30
42255003600101,Apache Corporation,2024,2,1388,1436,2498,30
42255003600101,Apache Corporation,2024,3,932,877,1432,30
42255003600101,Apache Corporation,2024,4,388,350,830,30
42255003600101,Apache Corporation,2024,5,172,191,315,30
42255003600101,Apache Corporation,2024,6,52,64,85,30
42255003600101,Apache Corporation,2024,7,16,22,23,30
42255003600101,Apache Corporation,2024,8,3,5,5,30
42255003600101,Apache Corporation,2024,9,0,0,0,0
42255003600101,Apache Corporation,2024,10,0,0,0,0
42255003610002,ConocoPhillips Company,2024,1,3247,5997,2734,30
42255003610002,ConocoPhillips Company,2024,2,2777,3848,2620,30
42255003610002,ConocoPhillips Company,2024,3,1596,1300,3863,30
42255003610002,ConocoPhillips Company,2024,4,926,806,355,30
42255003610002,ConocoPhillips Company,2024,5,349,452,662,30
42255003610002,ConocoPhillips Company,2024,6,125,182,179,30
42255003610002,ConocoPhillips Company,2024,7,35,23,43,30
42255003610002,ConocoPhillips Company,2024,8,9,17,1,30
42255003610002,ConocoPhillips Company,2024,9,1,1,1,30
42255003610002,ConocoPhillips Company,2024,10,0,0,0,0
42255003620002,ConocoPhillips Company,2024,1,3026,5371,2094,30
42255003620002,ConocoPhillips Company,2024,2,2292,3839,4380,30
42255003620002,ConocoPhillips Company,2024,3,1387,988,833,30
42255003620002,ConocoPhillips Company,2024,4,672,899,379,30
42255003620002,ConocoPhillips Company,2024,5,297,567,310,30
42255003620002,ConocoPhillips Company,2024,6,88,147,113,30
42255003620002,ConocoPhillips Company,2024,7,24,36,25,30
42255003620002,ConocoPhillips Company,2024,8,5,6,6,30
42255003620002,ConocoPhillips Company,2024,9,1,1,1,30
42255003620002,ConocoPhillips Company,2024,10,0,0,0,0
42255003630001,EOG Resources Inc,2024,1,5731,4963,6519,30
42255003630001,EOG Resources Inc,2024,2,4777,7194,10279,30
42255003630001,EOG Resources Inc,2024,3,3405,3040,1978,30
42255003630001,EOG Resources Inc,2024,4,1912,3330,250,30
42255003630001,EOG Resources Inc,2024,5,859,1291,1837,30
42255003630001,EOG Resources Inc,2024,6,409,300,397,30
42255003630001,EOG Resources Inc,2024,7,145,80,26,30
42255003630001,EOG Resources Inc,2024,8,52,33,15,30
42255003630001,EOG Resources Inc,2024,9,14,24,4,30
42255003630001,EOG Resources Inc,2024,10,4,4,5,30
42255003640002,Centennial Resource Production LLC,2024,1,1564,2012,3074,30
42255003640002,Centennial Resource Production LLC,2024,2,1166,1179,2426,30
42255003640002,Centennial Resource Production LLC,2024,3,735,1426,1141,30
42255003640002,Centennial Resource Production LLC,2024,4,410,466,866,30
42255003640002,Centennial Resource Production LLC,2024,5,237,437,366,30
42255003640002,Centennial Resource Production LLC,2024,6,91,62,83,30
42255003640002,Centennial Resource Production LLC,2024,7,29,43,18,30
42255003640002,Centennial Resource Production LLC,2024,8,10,18,23,30
42255003640002,Centennial Resource Production LLC,2024,9,2,2,2,30
42255003640002,Centennial Resource Production LLC,2024,10,0,0,0,0
42255003650001,ConocoPhillips Company,2024,1,5368,6935,7849,30
42255003650001,ConocoPhillips Company,2024,2,4306,6019,10567,30
42255003650001,ConocoPhillips Company,2024,3,2840,2970,6494,30
42255003650001,ConocoPhillips Company,2024,4,1804,3193,4441,30
42255003650001,ConocoPhillips Company,2024,5,981,698,1662,30
42255003650001,ConocoPhillips Company,2024,6,473,861,460,30
42255003650001,ConocoPhillips Company,2024,7,211,400,245,30
42255003650001,ConocoPhillips Company,2024,8,89,80,42,30
42255003650001,ConocoPhillips Company,2024,9,28,42,34,30
42255003650001,ConocoPhillips Company,2024,10,10,7,3,30
42255003660002,Chevron USA Inc,2024,1,3685,6006,6451,30
42255003660002,Chevron USA Inc,2024,2,3046,5519,5324,30
42255003660002,Chevron USA Inc,2024,3,2158,2934,4122,30
42255003660002,Chevron USA Inc,2024,4,1168,666,2717,30
42255003660002,Chevron USA Inc,2024,5,687,1079,634,30
42255003660002,Chevron USA Inc,2024,6,287,498,355,30
42255003660002,Chevron USA Inc,2024,7,126,152,164,30
42255003660002,Chevron USA Inc,2024,8,44,65,95,30
42255003660002,Chevron USA Inc,2024,9,14,23,11,30
42255003660002,Chevron USA Inc,2024,10,4,3,9,30
42255003670102,Laredo Petroleum Inc,2024,1,2471,2569,4608,30
42255003670102,Laredo Petroleum Inc,2024,2,1669,2605,1947,30
42255003670102,Laredo Petroleum Inc,2024,3,914,1181,935,30
42255003670102,Laredo Petroleum Inc,2024,4,410,422,847,30
42255003670102,Laredo Petroleum Inc,2024,5,147,264,108,30
42255003670102,Laredo Petroleum Inc,2024,6,39,54,73,30
42255003670102,Laredo Petroleum Inc,2024,7,9,10,8,30
42255003670102,Laredo Petroleum Inc,2024,8,1,1,2,30
42255003670102,Laredo Petroleum Inc,2024,9,0,0,0,0
42255003670102,Laredo Petroleum Inc,2024,10,0,0,0,0
42255003680000,SM Energy Company,2024,1,3704,3570,6074,30
42255003680000,SM Energy Company,2024,2,3052,3140,2742,30
42255003680000,SM Energy Company,2024,3,1864,1034,1246,30
42255003680000,SM Energy Company,2024,4,847,1029,653,30
42255003680000,SM Energy Company,2024,5,365,206,713,30
42255003680000,SM Energy Company,2024,6,116,172,157,30
42255003680000,SM Energy Company,2024,7,29,36,18,30
42255003680000,SM Energy Company,2024,8,7,6,4,30
42255003680000,SM Energy Company,2024,9,1,1,0,30
42255003680000,SM Energy Company,2024,10,0,0,0,0
42255003690001,Laredo Petroleum Inc,2024,1,3596,3818,1113,30
42255003690001,Laredo Petroleum Inc,2024,2,3067,1539,5619,30
42255003690001,Laredo Petroleum Inc,2024,3,1680,2168,1048,30
42255003690001,Laredo Petroleum Inc,2024,4,837,1628,601,30
42255003690001,Laredo Petroleum Inc,2024,5,305,170,260,30
42255003690001,Laredo Petroleum Inc,2024,6,112,66,226,30
42255003690001,Laredo Petroleum Inc,2024,7,29,22,31,30
42255003690001,Laredo Petroleum Inc,2024,8,7,10,4,30
42255003690001,Laredo Petroleum Inc,2024,9,1,1,1,30
42255003690001,Laredo Petroleum Inc,2024,10,0,0,0,0
42255003700002,Endeavor Energy Resources LP,2024,1,3709,5541,2120,30
42255003700002,Endeavor Energy Resources LP,2024,2,2538,4233,4026,30
42255003700002,Endeavor Energy Resources LP,2024,3,1663,1731,611,30
42255003700002,Endeavor Energy Resources LP,2024,4,727,1248,328,30
42255003700002,Endeavor Energy Resources LP,2024,5,274,166,493,30
42255003700002,Endeavor Energy Resources LP,2024,6,83,139,64,30
42255003700002,Endeavor Energy Resources LP,2024,7,21,13,4,30
42255003700002,Endeavor Energy Resources LP,2024,8,4,2,0,30
42255003700002,Endeavor Energy Resources LP,2024,9,0,0,0,0
42255003700002,Endeavor Energy Resources LP,2024,10,0,0,0,0
42255003710001,Apache Corporation,2024,1,0,0,0,0
42255003710001,Apache Corporation,2024,2,0,0,0,0
42255003710001,Apache Corporation,2024,3,0,0,0,0
42255003710001,Apache Corporation,2024,4,0,0,0,0
42255003710001,Apache Corporation,2024,5,0,0,0,0
42255003710001,Apache Corporation,2024,6,0,0,0,0
42255003710001,Apache Corporation,2024,7,0,0,0,0
42255003710001,Apache Corporation,2024,8,0,0,0,0
42255003710001,Apache Corporation,2024,9,0,0,0,0
42255003710001,Apache Corporation,2024,10,0,0,0,0
42255003720101,Concho Resources Inc,2024,1,5621,11084,5946,30
42255003720101,Concho Resources Inc,2024,2,5264,3653,11425,30
42255003720101,Concho Resources Inc,2024,3,3428,5714,1246,30
42255003720101,Concho Resources Inc,2024,4,2276,2011,2915,30
42255003720101,Concho Resources Inc,2024,5,1555,1584,1513,30
42255003720101,Concho Resources Inc,2024,6,793,1443,1198,30
42255003720101,Concho Resources Inc,2024,7,373,413,896,30
42255003720101,Concho Resources Inc,2024,8,142,100,252,30
42255003720101,Concho Resources Inc,2024,9,55,50,125,30
42255003720101,Concho Resources Inc,2024,10,19,19,24,30
42255003730001,Independence Resources Management LLC,2024,1,6531,6837,1293,30
42255003730001,Independence Resources Management LLC,2024,2,4469,2560,10803,30
42255003730001,Independence Resources Management LLC,2024,3,3316,5239,1962,30
42255003730001,Independence Resources Management LLC,2024,4,1904,3048,3301,30
42255003730001,Independence Resources Management LLC,2024,5,881,984,1021,30
42255003730001,Independence Resources Management LLC,2024,6,372,742,277,30
42255003730001,Independence Resources Management LLC,2024,7,137,123,278,30
42255003730001,Independence Resources Management LLC,2024,8,40,38,28,30
42255003730001,Independence Resources Management LLC,2024,9,12,14,14,30
42255003730001,Independence Resources Management LLC,2024,10,3,4,6,30
42255003740002,Matador Production Company,2024,1,3507,6516,6965,30
42255003740002,Matador Production Company,2024,2,2659,2722,1833,30
42255003740002,Matador Production Company,2024,3,1536,1027,1731,30
42255003740002,Matador Production Company,2024,4,732,1144,645,30
42255003740002,Matador Production Company,2024,5,270,480,352,30
42255003740002,Matador Production Company,2024,6,82,85,194,30
42255003740002,Matador Production Company,2024,7,21,21,46,30
42255003740002,Matador Production Company,2024,8,4,6,5,30
42255003740002,Matador Production Company,2024,9,0,0,0,0
42255003740002,Matador Production Company,2024,10,0,0,0,0
42255003750001,Matador Production Company,2024,1,3107,5682,592,30
42255003750001,Matador Production Company,2024,2,2120,1623,3300,30
42255003750001,Matador Production Company,2024,3,1043,1798,1752,30
42255003750001,Matador Production Company,2024,4,488,645,495,30
42255003750001,Matador Production Company,2024,5,142,134,21,30
42255003750001,Matador Production Company,2024,6,36,62,74,30
42255003750001,Matador Production Company,2024,7,7,5,15,30
42255003750001,Matador Production Company,2024,8,1,1,2,30
42255003750001,Matador Production Company,2024,9,0,0,0,0
42255003750001,Matador Production Company,2024,10,0,0,0,0
42389003760002,SM Energy Company,2024,1,2270,2794,1398,30
42389003760002,SM Energy Company,2024,2,1974,3243,4823,30
42389003760002,SM Energy Company,2024,3,1281,1496,141,30
42389003760002,SM Energy Company,2024,4,673,738,274,30
42389003760002,SM Energy Company,2024,5,290,191,491,30
42389003760002,SM Energy Company,2024,6,97,154,42,30
42389003760002,SM Energy Company,2024,7,30,17,57,30
42389003760002,SM Energy Company,2024,8,8,15,17,30
42389003760002,SM Energy Company,2024,9,2,3,0,30
42389003760002,SM Energy Company,2024,10,0,0,0,0
42389003770001,Marathon Oil Company,2024,1,2809,2578,4237,30
42389003770001,Marathon Oil Company,2024,2,2083,3282,4913,30
42389003770001,Marathon Oil Company,2024,3,1081,872,810,30
42389003770001,Marathon Oil Company,2024,4,516,1014,459,30
42389003770001,Marathon Oil Company,2024,5,198,374,175,30
42389003770001,Marathon Oil Company,2024,6,55,86,115,30
42389003770001,Marathon Oil Company,2024,7,14,17,30,30
42389003770001,Marathon Oil Company,2024,8,3,4,1,30
42389003770001,Marathon Oil Company,2024,9,0,0,0,0
42389003770001,Marathon Oil Company,2024,10,0,0,0,0
42389003780001,SM Energy Company,2024,1,2673,1769,2426,30
42389003780001,SM Energy Company,2024,2,2392,2853,3636,30
42389003780001,SM Energy Company,2024,3,1416,1414,323,30
42389003780001,SM Energy Company,2024,4,704,1091,279,30
42389003780001,SM Energy Company,2024,5,323,441,596,30
42389003780001,SM Energy Company,2024,6,127,224,112,30
42389003780001,SM Energy Company,2024,7,40,44,29,30
42389003780001,SM Energy Company,2024,8,11,16,13,30
42389003780001,SM Energy Company,2024,9,2,1,3,30
42389003780001,SM Energy Company,2024,10,0,0,0,0
42389003790101,Chevron USA Inc,2024,1,6896,8137,1132,30
42389003790101,Chevron USA Inc,2024,2,5335,7175,8160,30
42389003790101,Chevron USA Inc,2024,3,3098,3838,2887,30
42389003790101,Chevron USA Inc,2024,4,1415,1727,2183,30
42389003790101,Chevron USA Inc,2024,5,513,477,504,30
42389003790101,Chevron USA Inc,2024,6,149,175,196,30
42389003790101,Chevron USA Inc,2024,7,40,26,86,30
42389003790101,Chevron USA Inc,2024,8,9,13,17,30
42389003790101,Chevron USA Inc,2024,9,1,0,1,30
42389003790101,Chevron USA Inc,2024,10,0,0,0,0
42389003800000,Pioneer Natural Resources USA Inc,2024,1,4445,7560,9109,30
42389003800000,Pioneer Natural Resources USA Inc,2024,2,3639,3668,4578,30
42389003800000,Pioneer Natural Resources USA Inc,2024,3,2430,3552,3833,30
42389003800000,Pioneer Natural Resources USA Inc,2024,4,1555,830,1997,30
42389003800000,Pioneer Natural Resources USA Inc,2024,5,703,1374,551,30
42389003800000,Pioneer Natural Resources USA Inc,2024,6,336,395,753,30
42389003800000,Pioneer Natural Resources USA Inc,2024,7,109,188,268,30
42389003800000,Pioneer Natural Resources USA Inc,2024,8,37,59,77,30
42389003800000,Pioneer Natural Resources USA Inc,2024,9,11,18,19,30
42389003800000,Pioneer Natural Resources USA Inc,2024,10,3,4,3,30
42389003810002,ConocoPhillips Company,2024,1,2857,2414,5610,30
42389003810002,ConocoPhillips Company,2024,2,1986,2744,2327,30
42389003810002,ConocoPhillips Company,2024,3,1174,2087,2186,30
42389003810002,ConocoPhillips Company,2024,4,519,281,519,30
42389003810002,ConocoPhillips Company,2024,5,169,127,334,30
42389003810002,ConocoPhillips Company,2024,6,44,35,56,30
42389003810002,ConocoPhillips Company,2024,7,9,17,11,30
42389003810002,ConocoPhillips Company,2024,8,1,1,0,30
42389003810002,ConocoPhillips Company,2024,9,0,0,0,0
42389003810002,ConocoPhillips Company,2024,10,0,0,0,0
42389003820000,Devon Energy Production Company LP,2024,1,9237,11490,21399,30
42389003820000,Devon Energy Production Company LP,2024,2,7002,6182,16802,30
42389003820000,Devon Energy Production Company LP,2024,3,3705,5068,9192,30
42389003820000,Devon Energy Production Company LP,2024,4,1967,3654,1210,30
42389003820000,Devon Energy Production Company LP,2024,5,845,1067,1695,30
42389003820000,Devon Energy Production Company LP,2024,6,314,579,395,30
42389003820000,Devon Energy Production Company LP,2024,7,101,136,110,30
42389003820000,Devon Energy Production Company LP,2024,8,24,14,34,30
42389003820000,Devon Energy Production Company LP,2024,9,6,10,5,30
42389003820000,Devon Energy Production Company LP,2024,10,1,0,0,30
42389003830000,Matador Production Company,2024,1,6593,11109,7887,30
42389003830000,Matador Production Company,2024,2,4326,4213,2748,30
42389003830000,Matador Production Company,2024,3,2666,4366,2721,30
42389003830000,Matador Production Company,2024,4,1361,808,2678,30
42389003830000,Matador Production Company,2024,5,532,936,923,30
42389003830000,Matador Production Company,2024,6,177,176,387,30
42389003830000,Matador Production Company,2024,7,52,97,90,30
42389003830000,Matador Production Company,2024,8,12,6,16,30
42389003830000,Matador Production Company,2024,9,2,3,4,30
42389003830000,Matador Production Company,2024,10,0,0,0,0
42389003840000,Independence Resources Management LLC,2024,1,7883,7000,13766,30
42389003840000,Independence Resources Management LLC,2024,2,6484,6393,11660,30
42389003840000,Independence Resources Management LLC,2024,3,4902,8176,5589,30
42389003840000,Independence Resources Management LLC,2024,4,2904,4422,4384,30
42389003840000,Independence Resources Management LLC,2024,5,1791,1572,4089,30
42389003840000,Independence Resources Management LLC,2024,6,896,1669,1528,30
42389003840000,Independence Resources Management LLC,2024,7,402,395,564,30
42389003840000,Independence Resources Management LLC,2024,8,181,326,212,30
42389003840000,Independence Resources Management LLC,2024,9,63,53,148,30
42389003840000,Independence Resources Management LLC,2024,10,24,15,34,30
42389003850100,Centennial Resource Production LLC,2024,1,7567,12205,4980,30
42389003850100,Centennial Resource Production LLC,2024,2,5877,9103,10452,30
42389003850100,Centennial Resource Production LLC,2024,3,4797,4221,3863,30
42389003850100,Centennial Resource Production LLC,2024,4,2988,3968,3418,30
42389003850100,Centennial Resource Production LLC,2024,5,1529,2269,1173,30
42389003850100,Centennial Resource Production LLC,2024,6,718,1428,1478,30
42389003850100,Centennial Resource Production LLC,2024,7,357,402,271,30
42389003850100,Centennial Resource Production LLC,2024,8,142,79,102,30
42389003850100,Centennial Resource Production LLC,2024,9,50,91,72,30
42389003850100,Centennial Resource Production LLC,2024,10,16,30,30,30
42389003860002,Laredo Petroleum Inc,2024,1,8484,10978,11568,30
42389003860002,Laredo Petroleum Inc,2024,2,7175,13338,2238,30
42389003860002,Laredo Petroleum Inc,2024,3,4202,4311,4292,30
42389003860002,Laredo Petroleum Inc,2024,4,2120,3705,1317,30
42389003860002,Laredo Petroleum Inc,2024,5,1069,1779,1688,30
42389003860002,Laredo Petroleum Inc,2024,6,389,460,271,30
42389003860002,Laredo Petroleum Inc,2024,7,136,158,121,30
42389003860002,Laredo Petroleum Inc,2024,8,35,48,37,30
42389003860002,Laredo Petroleum Inc,2024,9,9,16,4,30
42389003860002,Laredo Petroleum Inc,2024,10,1,1,0,30
42389003870101,EOG Resources Inc,2024,1,2291,1715,3865,30
42389003870101,EOG Resources Inc,2024,2,1989,3184,1067,30
42389003870101,EOG Resources Inc,2024,3,1237,969,1835,30
42389003870101,EOG Resources Inc,2024,4,608,485,415,30
42389003870101,EOG Resources Inc,2024,5,281,514,453,30
42389003870101,EOG Resources Inc,2024,6,99,180,42,30
42389003870101,EOG Resources Inc,2024,7,30,38,43,30
42389003870101,EOG Resources Inc,2024,8,8,6,4,30
42389003870101,EOG Resources Inc,2024,9,2,1,1,30
42389003870101,EOG Resources Inc,2024,10,0,0,0,0
42389003880101,Chevron USA Inc,2024,1,6044,6303,12023,30
42389003880101,Chevron USA Inc,2024,2,4202,4920,6310,30
42389003880101,Chevron USA Inc,2024,3,2980,5676,6020,30
42389003880101,Chevron USA Inc,2024,4,1611,1878,2773,30
42389003880101,Chevron USA Inc,2024,5,722,1025,1220,30
42389003880101,Chevron USA Inc,2024,6,330,605,682,30
42389003880101,Chevron USA Inc,2024,7,110,138,228,30
42389003880101,Chevron USA Inc,2024,8,34,49,44,30
42389003880101,Chevron USA Inc,2024,9,10,16,17,30
42389003880101,Chevron USA Inc,2024,10,2,1,4,30
42389003890101,SM Energy Company,2024,1,5007,6714,1790,30
42389003890101,SM Energy Company,2024,2,4160,5778,3961,30
42389003890101,SM Energy Company,2024,3,3072,3115,6202,30
42389003890101,SM Energy Company,2024,4,2113,1823,425,30
42389003890101,SM Energy Company,2024,5,1315,1442,607,30
42389003890101,SM Energy Company,2024,6,610,1160,807,30
42389003890101,SM Energy Company,2024,7,336,472,235,30
42389003890101,SM Energy Company,2024,8,146,286,49,30
42389003890101,SM Energy Company,2024,9,50,62,21,30
42389003890101,SM Energy Company,2024,10,18,18,15,30
42389003900100,Laredo Petroleum Inc,2024,1,7488,13336,5477,30
42389003900100,Laredo Petroleum Inc,2024,2,5834,5157,13359,30
42389003900100,Laredo Petroleum Inc,2024,3,3775,3322,6806,30
42389003900100,Laredo Petroleum Inc,2024,4,1811,2761,3953,30
42389003900100,Laredo Petroleum Inc,2024,5,824,1214,1860,30
42389003900100,Laredo Petroleum Inc,2024,6,283,379,510,30
42389003900100,Laredo Petroleum Inc,2024,7,92,84,50,30
42389003900100,Laredo Petroleum Inc,2024,8,28,42,47,30
42389003900100,Laredo Petroleum Inc,2024,9,6,11,10,30
42389003900100,Laredo Petroleum Inc,2024,10,1,1,0,30
42389003910002,Marathon Oil Company,2024,1,3160,4550,7142,30
42389003910002,Marathon Oil Company,2024,2,2381,4381,4686,30
42389003910002,Marathon Oil Company,2024,3,1421,1570,2121,30
42389003910002,Marathon Oil Company,2024,4,634,844,613,30
42389003910002,Marathon Oil Company,2024,5,301,519,45,30
42389003910002,Marathon Oil Company,2024,6,86,66,106,30
42389003910002,Marathon Oil Company,2024,7,26,50,13,30
42389003910002,Marathon Oil Company,2024,8,5,8,7,30
42389003910002,Marathon Oil Company,2024,9,1,0,2,30
42389003910002,Marathon Oil Company,2024,10,0,0,0,0
42389003920000,Centennial Resource Production LLC,2024,1,4751,3734,1714,30
42389003920000,Centennial Resource Production LLC,2024,2,3966,6444,5990,30
42389003920000,Centennial Resource Production LLC,2024,3,2493,2712,2278,30
42389003920000,Centennial Resource Production LLC,2024,4,1230,1120,2552,30
42389003920000,Centennial Resource Production LLC,2024,5,474,343,368,30
42389003920000,Centennial Resource Production LLC,2024,6,164,232,110,30
42389003920000,Centennial Resource Production LLC,2024,7,53,43,10,30
42389003920000,Centennial Resource Production LLC,2024,8,13,13,3,30
42389003920000,Centennial Resource Production LLC,2024,9,3,2,3,30
42389003920000,Centennial Resource Production LLC,2024,10,0,0,0,0
42389003930002,Concho Resources Inc,2024,1,3204,3819,1472,30
42389003930002,Concho Resources Inc,2024,2,2672,3834,6296,30
42389003930002,Concho Resources Inc,2024,3,1825,1113,3136,30
42389003930002,Concho Resources Inc,2024,4,1105,1468,1778,30
42389003930002,Concho Resources Inc,2024,5,520,763,984,30
42389003930002,Concho Resources Inc,2024,6,184,146,219,30
42389003930002,Concho Resources Inc,2024,7,59,67,21,30
42389003930002,Concho Resources Inc,2024,8,21,10,46,30
42389003930002,Concho Resources Inc,2024,9,5,6,11,30
42389003930002,Concho Resources Inc,2024,10,1,1,2,30
42389003940101,Independence Resources Management LLC,2024,1,6149,6105,6001,30
42389003940101,Independence Resources Management LLC,2024,2,4466,3947,6602,30
42389003940101,Independence Resources Management LLC,2024,3,2812,2727,5411,30
42389003940101,Independence Resources Management LLC,2024,4,1473,1433,206,30
42389003940101,Independence Resources Management LLC,2024,5,688,865,518,30
42389003940101,Independence Resources Management LLC,2024,6,212,228,394,30
42389003940101,Independence Resources Management LLC,2024,7,66,127,57,30
42389003940101,Independence Resources Management LLC,2024,8,18,12,39,30
42389003940101,Independence Resources Management LLC,2024,9,3,4,2,30
42389003940101,Independence Resources Management LLC,2024,10,0,0,0,0
42389003950002,Independence Resources Management LLC,2024,1,4349,7280,691,30
42389003950002,Independence Resources Management LLC,2024,2,3203,6329,585,30
42389003950002,Independence Resources Management LLC,2024,3,2282,1460,4917,30
42389003950002,Independence Resources Management LLC,2024,4,1328,2438,3020,30
42389003950002,Independence Resources Management LLC,2024,5,620,719,1118,30
42389003950002,Independence Resources Management LLC,2024,6,280,451,366,30
42389003950002,Independence Resources Management LLC,2024,7,99,113,33,30
42389003950002,Independence Resources Management LLC,2024,8,29,50,18,30
42389003950002,Independence Resources Management LLC,2024,9,8,8,8,30
42389003950002,Independence Resources Management LLC,2024,10,1,1,1,30
42389003960102,Marathon Oil Company,2024,1,2663,2766,1757,30
42389003960102,Marathon Oil Company,2024,2,2085,2958,373,30
42389003960102,Marathon Oil Company,2024,3,1061,1935,479,30
42389003960102,Marathon Oil Company,2024,4,442,639,55,30
42389003960102,Marathon Oil Company,2024,5,153,160,177,30
42389003960102,Marathon Oil Company,2024,6,45,32,92,30
42389003960102,Marathon Oil Company,2024,7,8,9,14,30
42389003960102,Marathon Oil Company,2024,8,1,1,0,30
42389003960102,Marathon Oil Company,2024,9,0,0,0,0
42389003960102,Marathon Oil Company,2024,10,0,0,0,0
42389003970002,Laredo Petroleum Inc,2024,1,7200,7084,17444,30
42389003970002,Laredo Petroleum Inc,2024,2,5557,9180,3742,30
42389003970002,Laredo Petroleum Inc,2024,3,2870,5556,763,30
42389003970002,Laredo Petroleum Inc,2024,4,1310,808,2286,30
42389003970002,Laredo Petroleum Inc,2024,5,455,899,441,30
42389003970002,Laredo Petroleum Inc,2024,6,133,227,40,30
42389003970002,Laredo Petroleum Inc,2024,7,29,36,45,30
42389003970002,Laredo Petroleum Inc,2024,8,5,8,2,30
42389003970002,Laredo Petroleum Inc,2024,9,0,0,0,0
42389003970002,Laredo Petroleum Inc,2024,10,0,0,0,0
42389003980001,Concho Resources Inc,2024,1,5353,6337,7870,30
42389003980001,Concho Resources Inc,2024,2,4014,5033,4901,30
42389003980001,Concho Resources Inc,2024,3,2788,5182,3607,30
42389003980001,Concho Resources Inc,2024,4,1664,2133,3620,30
42389003980001,Concho Resources Inc,2024,5,896,459,1329,30
42389003980001,Concho Resources Inc,2024,6,402,523,213,30
42389003980001,Concho Resources Inc,2024,7,141,74,172,30
42389003980001,Concho Resources Inc,2024,8,56,102,48,30
42389003980001,Concho Resources Inc,2024,9,15,12,24,30
42389003980001,Concho Resources Inc,2024,10,4,7,2,30
42389003990102,Centennial Resource Production LLC,2024,1,2389,1767,390,30
42389003990102,Centennial Resource Production LLC,2024,2,1938,3374,4315,30
42389003990102,Centennial Resource Production LLC,2024,3,1177,1119,1349,30
42389003990102,Centennial Resource Production LLC,2024,4,582,294,879,30
42389003990102,Centennial Resource Production LLC,2024,5,254,162,384,30
42389003990102,Centennial Resource Production LLC,2024,6,92,153,9,30
42389003990102,Centennial Resource Production LLC,2024,7,24,39,6,30
42389003990102,Centennial Resource Production LLC,2024,8,7,10,1,30
42389003990102,Centennial Resource Production LLC,2024,9,1,0,2,30
42389003990102,Centennial Resource Production LLC,2024,10,0,0,0,0
42389004000101,Chevron USA Inc,2024,1,6267,8078,8245,30
42389004000101,Chevron USA Inc,2024,2,5143,3625,1812,30
42389004000101,Chevron USA Inc,2024,3,3618,4294,4067,30
42389004000101,Chevron USA Inc,2024,4,2257,4159,4412,30
42389004000101,Chevron USA Inc,2024,5,1267,2189,2890,30
42389004000101,Chevron USA Inc,2024,6,632,711,721,30
42389004000101,Chevron USA Inc,2024,7,259,389,305,30
42389004000101,Chevron USA Inc,2024,8,111,199,95,30
42389004000101,Chevron USA Inc,2024,9,44,75,42,30
42389004000101,Chevron USA Inc,2024,10,13,25,26,30
42389004010001,Centennial Resource Production LLC,2024,1,6745,9719,13577,30
42389004010001,Centennial Resource Production LLC,2024,2,6750,13473,9271,30
42389004010001,Centennial Resource Production LLC,2024,3,4915,9200,7684,30
42389004010001,Centennial Resource Production LLC,2024,4,2623,3200,544,30
42389004010001,Centennial Resource Production LLC,2024,5,1448,2193,1385,30
42389004010001,Centennial Resource Production LLC,2024,6,716,980,874,30
42389004010001,Centennial Resource Production LLC,2024,7,327,341,722,30
42389004010001,Centennial Resource Production LLC,2024,8,118,233,160,30
42389004010001,Centennial Resource Production LLC,2024,9,38,68,46,30
42389004010001,Centennial Resource Production LLC,2024,10,11,13,15,30
42389004020000,Occidental Petroleum Corporation,2024,1,0,0,0,0
42389004020000,Occidental Petroleum Corporation,2024,2,0,0,0,0
42389004020000,Occidental Petroleum Corporation,2024,3,0,0,0,0
42389004020000,Occidental Petroleum Corporation,2024,4,0,0,0,0
42389004020000,Occidental Petroleum Corporation,2024,5,0,0,0,0
42389004020000,Occidental Petroleum Corporation,2024,6,0,0,0,0
42389004020000,Occidental Petroleum Corporation,2024,7,0,0,0,0
42389004020000,Occidental Petroleum Corporation,2024,8,0,0,0,0
42389004020000,Occidental Petroleum Corporation,2024,9,0,0,0,0
42389004020000,Occidental Petroleum Corporation,2024,10,0,0,0,0
42389004030002,ConocoPhillips Company,2024,1,5033,5823,8250,30
42389004030002,ConocoPhillips Company,2024,2,3868,6134,1617,30
42389004030002,ConocoPhillips Company,2024,3,2027,4017,4011,30
42389004030002,ConocoPhillips Company,2024,4,935,1182,614,30
42389004030002,ConocoPhillips Company,2024,5,352,413,747,30
42389004030002,ConocoPhillips Company,2024,6,91,78,101,30
42389004030002,ConocoPhillips Company,2024,7,21,17,4,30
42389004030002,ConocoPhillips Company,2024,8,4,6,6,30
42389004030002,ConocoPhillips Company,2024,9,0,0,0,0
42389004030002,ConocoPhillips Company,2024,10,0,0,0,0
42389004040001,Matador Production Company,2024,1,3957,7201,4765,30
42389004040001,Matador Production Company,2024,2,3187,4407,2885,30
42389004040001,Matador Production Company,2024,3,2181,1125,4370,30
42389004040001,Matador Production Company,2024,4,1398,2323,2324,30
42389004040001,Matador Production Company,2024,5,786,1496,1439,30
42389004040001,Matador Production Company,2024,6,392,548,390,30
42389004040001,Matador Production Company,2024,7,156,283,258,30
42389004040001,Matador Production Company,2024,8,60,68,52,30
42389004040001,Matador Production Company,2024,9,23,34,40,30
42389004040001,Matador Production Company,2024,10,6,9,11,30
42389004050100,Laredo Petroleum Inc,2024,1,4878,5951,858,30
42389004050100,Laredo Petroleum Inc,2024,2,3661,6234,1602,30
42389004050100,Laredo Petroleum Inc,2024,3,2169,3123,1038,30
42389004050100,Laredo Petroleum Inc,2024,4,978,1728,735,30
42389004050100,Laredo Petroleum Inc,2024,5,358,204,665,30
42389004050100,Laredo Petroleum Inc,2024,6,108,95,109,30
42389004050100,Laredo Petroleum Inc,2024,7,28,54,60,30
42389004050100,Laredo Petroleum Inc,2024,8,6,8,9,30
42389004050100,Laredo Petroleum Inc,2024,9,1,1,0,30
42389004050100,Laredo Petroleum Inc,2024,10,0,0,0,0
42389004060000,Centennial Resource Production LLC,2024,1,3899,4125,2879,30
42389004060000,Centennial Resource Production LLC,2024,2,2829,2028,693,30
42389004060000,Centennial Resource Production LLC,2024,3,1603,3154,419,30
42389004060000,Centennial Resource Production LLC,2024,4,912,1015,410,30
42389004060000,Centennial Resource Production LLC,2024,5,372,556,733,30
42389004060000,Centennial Resource Production LLC,2024,6,125,214,154,30
42389004060000,Centennial Resource Production LLC,2024,7,43,76,24,30
42389004060000,Centennial Resource Production LLC,2024,8,10,10,21,30
42389004060000,Centennial Resource Production LLC,2024,9,2,1,0,30
42389004060000,Centennial Resource Production LLC,2024,10,0,0,0,0
42389004070102,Callon Petroleum Operating Company,2024,1,6163,7130,3724,30
42389004070102,Callon Petroleum Operating Company,2024,2,4659,5255,9372,30
42389004070102,Callon Petroleum Operating Company,2024,3,2975,5349,851,30
42389004070102,Callon Petroleum Operating Company,2024,4,1386,945,1219,30
42389004070102,Callon Petroleum Operating Company,2024,5,527,802,100,30
42389004070102,Callon Petroleum Operating Company,2024,6,185,163,151,30
42389004070102,Callon Petroleum Operating Company,2024,7,66,82,69,30
42389004070102,Callon Petroleum Operating Company,2024,8,17,30,5,30
42389004070102,Callon Petroleum Operating Company,2024,9,3,4,2,30
42389004070102,Callon Petroleum Operating Company,2024,10,0,0,0,0
42389004080000,Diamondback E&P LLC,2024,1,0,0,0,0
42389004080000,Diamondback E&P LLC,2024,2,0,0,0,0
42389004080000,Diamondback E&P LLC,2024,3,0,0,0,0
42389004080000,Diamondback E&P LLC,2024,4,0,0,0,0
42389004080000,Diamondback E&P LLC,2024,5,0,0,0,0
42389004080000,Diamondback E&P LLC,2024,6,0,0,0,0
42389004080000,Diamondback E&P LLC,2024,7,0,0,0,0
42389004080000,Diamondback E&P LLC,2024,8,0,0,0,0
42389004080000,Diamondback E&P LLC,2024,9,0,0,0,0
42389004080000,Diamondback E&P LLC,2024,10,0,0,0,0
42389004090100,Diamondback E&P LLC,2024,1,2266,1527,4252,30
42389004090100,Diamondback E&P LLC,2024,2,1915,957,4385,30
42389004090100,Diamondback E&P LLC,2024,3,1069,895,853,30
42389004090100,Diamondback E&P LLC,2024,4,625,448,793,30
42389004090100,Diamondback E&P LLC,2024,5,316,416,82,30
42389004090100,Diamondback E&P LLC,2024,6,108,167,21,30
42389004090100,Diamondback E&P LLC,2024,7,36,62,32,30
42389004090100,Diamondback E&P LLC,2024,8,10,10,16,30
42389004090100,Diamondback E&P LLC,2024,9,2,1,2,30
42389004090100,Diamondback E&P LLC,2024,10,0,0,0,0
42389004100000,Matador Production Company,2024,1,3282,2422,3788,30
42389004100000,Matador Production Company,2024,2,2353,4127,793,30
42389004100000,Matador Production Company,2024,3,1836,2320,3387,30
42389004100000,Matador Production Company,2024,4,1203,1952,612,30
42389004100000,Matador Production Company,2024,5,581,360,1039,30
42389004100000,Matador Production Company,2024,6,280,241,523,30
42389004100000,Matador Production Company,2024,7,99,111,150,30
42389004100000,Matador Production Company,2024,8,36,30,10,30
42389004100000,Matador Production Company,2024,9,12,20,26,30
42389004100000,Matador Production Company,2024,10,3,5,5,30
42389004110000,Marathon Oil Company,2024,1,6974,6192,10413,30
42389004110000,Marathon Oil Company,2024,2,5566,6022,11974,30
42389004110000,Marathon Oil Company,2024,3,3882,5217,3383,30
42389004110000,Marathon Oil Company,2024,4,2282,1166,5188,30
42389004110000,Marathon Oil Company,2024,5,1221,1015,2527,30
42389004110000,Marathon Oil Company,2024,6,659,370,236,30
42389004110000,Marathon Oil Company,2024,7,282,315,630,30
42389004110000,Marathon Oil Company,2024,8,101,81,22,30
42389004110000,Marathon Oil Company,2024,9,32,49,52,30
42389004110000,Marathon Oil Company,2024,10,10,19,8,30
42389004120002,Laredo Petroleum Inc,2024,1,6278,11727,5554,30
42389004120002,Laredo Petroleum Inc,2024,2,4782,8330,11400,30
42389004120002,Laredo Petroleum Inc,2024,3,2623,3546,2227,30
42389004120002,Laredo Petroleum Inc,2024,4,1191,1261,2102,30
42389004120002,Laredo Petroleum Inc,2024,5,382,642,151,30
42389004120002,Laredo Petroleum Inc,2024,6,115,131,64,30
42389004120002,Laredo Petroleum Inc,2024,7,32,25,58,30
42389004120002,Laredo Petroleum Inc,2024,8,6,9,10,30
42389004120002,Laredo Petroleum Inc,2024,9,1,0,0,30
42389004120002,Laredo Petroleum Inc,2024,10,0,0,0,0
42389004130001,Apache Corporation,2024,1,2358,2393,2468,30
42389004130001,Apache Corporation,2024,2,1825,2379,2270,30
42389004130001,Apache Corporation,2024,3,1517,1011,2444,30
42389004130001,Apache Corporation,2024,4,818,673,101,30
42389004130001,Apache Corporation,2024,5,465,365,395,30
42389004130001,Apache Corporation,2024,6,240,244,115,30
42389004130001,Apache Corporation,2024,7,103,164,115,30
42389004130001,Apache Corporation,2024,8,38,22,77,30
42389004130001,Apache Corporation,2024,9,12,17,12,30
42389004130001,Apache Corporation,2024,10,4,4,7,30
42389004140101,Callon Petroleum Operating Company,2024,1,8942,17302,19704,30
42389004140101,Callon Petroleum Operating Company,2024,2,6317,9614,8011,30
42389004140101,Callon Petroleum Operating Company,2024,3,3763,2912,1053,30
42389004140101,Callon Petroleum Operating Company,2024,4,1713,2430,2844,30
42389004140101,Callon Petroleum Operating Company,2024,5,719,621,1441,30
42389004140101,Callon Petroleum Operating Company,2024,6,258,492,57,30
42389004140101,Callon Petroleum Operating Company,2024,7,75,74,157,30
42389004140101,Callon Petroleum Operating Company,2024,8,20,38,3,30
42389004140101,Callon Petroleum Operating Company,2024,9,4,5,8,30
42389004140101,Callon Petroleum Operating Company,2024,10,1,0,1,30
42389004150002,Concho Resources Inc,2024,1,8123,15141,20088,30
42389004150002,Concho Resources Inc,2024,2,5216,8935,8920,30
42389004150002,Concho Resources Inc,2024,3,3564,6112,1877,30
42389004150002,Concho Resources Inc,2024,4,1753,2434,3341,30
42389004150002,Concho Resources Inc,2024,5,633,1236,1146,30
42389004150002,Concho Resources Inc,2024,6,230,388,327,30
42389004150002,Concho Resources Inc,2024,7,73,141,39,30
42389004150002,Concho Resources Inc,2024,8,19,31,31,30
42389004150002,Concho Resources Inc,2024,9,4,6,2,30
42389004150002,Concho Resources Inc,2024,10,1,1,1,30
42389004160001,Pioneer Natural Resources USA Inc,2024,1,5192,7450,10154,30
42389004160001,Pioneer Natural Resources USA Inc,2024,2,3769,3667,1092,30
42389004160001,Pioneer Natural Resources USA Inc,2024,3,2420,4251,3738,30
42389004160001,Pioneer Natural Resources USA Inc,2024,4,1198,2018,796,30
42389004160001,Pioneer Natural Resources USA Inc,2024,5,507,337,933,30
42389004160001,Pioneer Natural Resources USA Inc,2024,6,203,384,302,30
42389004160001,Pioneer Natural Resources USA Inc,2024,7,63,55,108,30
42389004160001,Pioneer Natural Resources USA Inc,2024,8,15,27,8,30
42389004160001,Pioneer Natural Resources USA Inc,2024,9,4,4,3,30
42389004160001,Pioneer Natural Resources USA Inc,2024,10,0,0,0,0
42389004170102,Centennial Resource Production LLC,2024,1,3809,5020,2189,30
42389004170102,Centennial Resource Production LLC,2024,2,3198,3866,3820,30
42389004170102,Centennial Resource Production LLC,2024,3,2373,3637,2607,30
42389004170102,Centennial Resource Production LLC,2024,4,1717,2316,687,30
42389004170102,Centennial Resource Production LLC,2024,5,1005,647,673,30
42389004170102,Centennial Resource Production LLC,2024,6,574,300,1175,30
42389004170102,Centennial Resource Production LLC,2024,7,260,438,249,30
42389004170102,Centennial Resource Production LLC,2024,8,118,206,233,30
42389004170102,Centennial Resource Production LLC,2024,9,52,53,74,30
42389004170102,Centennial Resource Production LLC,2024,10,20,24,15,30
42389004180102,Endeavor Energy Resources LP,2024,1,3230,3956,1173,30
42389004180102,Endeavor Energy Resources LP,2024,2,3133,6081,7259,30
42389004180102,Endeavor Energy Resources LP,2024,3,2239,1574,363,30
42389004180102,Endeavor Energy Resources LP,2024,4,1344,1802,1740,30
42389004180102,Endeavor Energy Resources LP,2024,5,722,867,258,30
42389004180102,Endeavor Energy Resources LP,2024,6,329,319,804,30
42389004180102,Endeavor Energy Resources LP,2024,7,128,176,83,30
42389004180102,Endeavor Energy Resources LP,2024,8,44,54,81,30
42389004180102,Endeavor Energy Resources LP,2024,9,15,7,35,30
42389004180102,Endeavor Energy Resources LP,2024,10,4,4,7,30
42389004190102,Parsley Energy Operations LLC,2024,1,5039,9836,2907,30
42389004190102,Parsley Energy Operations LLC,2024,2,3709,7006,1906,30
42389004190102,Parsley Energy Operations LLC,2024,3,2842,5107,5915,30
42389004190102,Parsley Energy Operations LLC,2024,4,1935,1410,843,30
42389004190102,Parsley Energy Operations LLC,2024,5,1202,798,1393,30
42389004190102,Parsley Energy Operations LLC,2024,6,652,1028,1342,30
42389004190102,Parsley Energy Operations LLC,2024,7,309,568,568,30
42389004190102,Parsley Energy Operations LLC,2024,8,127,123,120,30
42389004190102,Parsley Energy Operations LLC,2024,9,56,63,96,30
42389004190102,Parsley Energy Operations LLC,2024,10,17,32,36,30
42389004200001,Pioneer Natural Resources USA Inc,2024,1,3720,3426,2502,30
42389004200001,Pioneer Natural Resources USA Inc,2024,2,2501,1788,5638,30
42389004200001,Pioneer Natural Resources USA Inc,2024,3,1358,2166,1778,30
42389004200001,Pioneer Natural Resources USA Inc,2024,4,620,515,1511,30
42389004200001,Pioneer Natural Resources USA Inc,2024,5,199,121,409,30
42389004200001,Pioneer Natural Resources USA Inc,2024,6,62,123,120,30
42389004200001,Pioneer Natural Resources USA Inc,2024,7,14,23,31,30
42389004200001,Pioneer Natural Resources USA Inc,2024,8,2,3,4,30
42389004200001,Pioneer Natural Resources USA Inc,2024,9,0,0,0,0
42389004200001,Pioneer Natural Resources USA Inc,2024,10,0,0,0,0
42389004210000,Laredo Petroleum Inc,2024,1,7169,4251,3034,30
42389004210000,Laredo Petroleum Inc,2024,2,5910,6122,14385,30
42389004210000,Laredo Petroleum Inc,2024,3,4399,2762,4922,30
42389004210000,Laredo Petroleum Inc,2024,4,3027,4921,3721,30
42389004210000,Laredo Petroleum Inc,2024,5,1502,2120,2462,30
42389004210000,Laredo Petroleum Inc,2024,6,838,1504,469,30
42389004210000,Laredo Petroleum Inc,2024,7,372,234,288,30
42389004210000,Laredo Petroleum Inc,2024,8,167,290,246,30
42389004210000,Laredo Petroleum Inc,2024,9,54,28,32,30
42389004210000,Laredo Petroleum Inc,2024,10,18,13,43,30
42389004220000,Occidental Petroleum Corporation,2024,1,3363,1762,5413,30
42389004220000,Occidental Petroleum Corporation,2024,2,2809,2039,1624,30
42389004220000,Occidental Petroleum Corporation,2024,3,2039,1998,1849,30
42389004220000,Occidental Petroleum Corporation,2024,4,1196,1414,2875,30
42389004220000,Occidental Petroleum Corporation,2024,5,681,975,1001,30
42389004220000,Occidental Petroleum Corporation,2024,6,297,229,63,30
42389004220000,Occidental Petroleum Corporation,2024,7,123,180,236,30
42389004220000,Occidental Petroleum Corporation,2024,8,45,36,78,30
42389004220000,Occidental Petroleum Corporation,2024,9,18,13,31,30
42389004220000,Occidental Petroleum Corporation,2024,10,4,6,9,30
42389004230001,Chevron USA Inc,2024,1,4324,7065,9836,30
42389004230001,Chevron USA Inc,2024,2,3164,4521,4045,30
42389004230001,Chevron USA Inc,2024,3,1992,2938,3715,30
42389004230001,Chevron USA Inc,2024,4,823,1036,1790,30
42389004230001,Chevron USA Inc,2024,5,356,336,462,30
42389004230001,Chevron USA Inc,2024,6,123,178,206,30
42389004230001,Chevron USA Inc,2024,7,35,26,69,30
42389004230001,Chevron USA Inc,2024,8,8,13,11,30
42389004230001,Chevron USA Inc,2024,9,1,1,2,30
42389004230001,Chevron USA Inc,2024,10,0,0,0,0
42389004240002,Apache Corporation,2024,1,5988,8586,12502,30
42389004240002,Apache Corporation,2024,2,4204,4023,3251,30
42389004240002,Apache Corporation,2024,3,2741,4391,3928,30
42389004240002,Apache Corporation,2024,4,1412,2688,244,30
42389004240002,Apache Corporation,2024,5,542,913,909,30
42389004240002,Apache Corporation,2024,6,199,226,367,30
42389004240002,Apache Corporation,2024,7,53,30,36,30
42389004240002,Apache Corporation,2024,8,13,23,26,30
42389004240002,Apache Corporation,2024,9,3,3,6,30
42389004240002,Apache Corporation,2024,10,0,0,0,0
42389004250000,Laredo Petroleum Inc,2024,1,4933,6990,1454,30
42389004250000,Laredo Petroleum Inc,2024,2,3956,6543,3397,30
42389004250000,Laredo Petroleum Inc,2024,3,3025,1703,7149,30
42389004250000,Laredo Petroleum Inc,2024,4,1896,1831,2540,30
42389004250000,Laredo Petroleum Inc,2024,5,896,1219,2017,30
42389004250000,Laredo Petroleum Inc,2024,6,516,266,225,30
42389004250000,Laredo Petroleum Inc,2024,7,220,134,412,30
42389004250000,Laredo Petroleum Inc,2024,8,82,147,22,30
42389004250000,Laredo Petroleum Inc,2024,9,30,36,17,30
42389004250000,Laredo Petroleum Inc,2024,10,9,14,15,30
42389004260001,Occidental Petroleum Corporation,2024,1,2819,4834,4865,30
42389004260001,Occidental Petroleum Corporation,2024,2,2447,3506,2993,30
42389004260001,Occidental Petroleum Corporation,2024,3,1826,2793,4015,30
42389004260001,Occidental Petroleum Corporation,2024,4,1164,1863,2831,30
42389004260001,Occidental Petroleum Corporation,2024,5,612,1042,1422,30
42389004260001,Occidental Petroleum Corporation,2024,6,353,295,581,30
42389004260001,Occidental Petroleum Corporation,2024,7,157,313,66,30
42389004260001,Occidental Petroleum Corporation,2024,8,59,42,113,30
42389004260001,Occidental Petroleum Corporation,2024,9,23,12,43,30
42389004260001,Occidental Petroleum Corporation,2024,10,7,10,13,30
42389004270001,Centennial Resource Production LLC,2024,1,0,0,0,0
42389004270001,Centennial Resource Production LLC,2024,2,0,0,0,0
42389004270001,Centennial Resource Production LLC,2024,3,0,0,0,0
42389004270001,Centennial Resource Production LLC,2024,4,0,0,0,0
42389004270001,Centennial Resource Production LLC,2024,5,0,0,0,0
42389004270001,Centennial Resource Production LLC,2024,6,0,0,0,0
42389004270001,Centennial Resource Production LLC,2024,7,0,0,0,0
42389004270001,Centennial Resource Production LLC,2024,8,0,0,0,0
42389004270001,Centennial Resource Production LLC,2024,9,0,0,0,0
42389004270001,Centennial Resource Production LLC,2024,10,0,0,0,0
42389004280102,Parsley Energy Operations LLC,2024,1,4715,4521,9363,30
42389004280102,Parsley Energy Operations LLC,2024,2,3787,2116,4592,30
42389004280102,Parsley Energy Operations LLC,2024,3,2132,1652,1788,30
42389004280102,Parsley Energy Operations LLC,2024,4,1053,1337,1771,30
42389004280102,Parsley Energy Operations LLC,2024,5,390,618,569,30
42389004280102,Parsley Energy Operations LLC,2024,6,138,242,303,30
42389004280102,Parsley Energy Operations LLC,2024,7,39,71,87,30
42389004280102,Parsley Energy Operations LLC,2024,8,10,17,20,30
42389004280102,Parsley Energy Operations LLC,2024,9,2,3,0,30
42389004280102,Parsley Energy Operations LLC,2024,10,0,0,0,0
42389004290001,Callon Petroleum Operating Company,2024,1,2194,1195,1706,30
42389004290001,Callon Petroleum Operating Company,2024,2,1954,3087,763,30
42389004290001,Callon Petroleum Operating Company,2024,3,1401,2650,784,30
42389004290001,Callon Petroleum Operating Company,2024,4,872,601,1157,30
42389004290001,Callon Petroleum Operating Company,2024,5,415,452,285,30
42389004290001,Callon Petroleum Operating Company,2024,6,189,190,56,30
42389004290001,Callon Petroleum Operating Company,2024,7,68,70,157,30
42389004290001,Callon Petroleum Operating Company,2024,8,25,47,25,30
42389004290001,Callon Petroleum Operating Company,2024,9,8,10,2,30
42389004290001,Callon Petroleum Operating Company,2024,10,2,1,0,30
42389004300000,Occidental Petroleum Corporation,2024,1,0,0,0,0
42389004300000,Occidental Petroleum Corporation,2024,2,0,0,0,0
42389004300000,Occidental Petroleum Corporation,2024,3,0,0,0,0
42389004300000,Occidental Petroleum Corporation,2024,4,0,0,0,0
42389004300000,Occidental Petroleum Corporation,2024,5,0,0,0,0
42389004300000,Occidental Petroleum Corporation,2024,6,0,0,0,0
42389004300000,Occidental Petroleum Corporation,2024,7,0,0,0,0
42389004300000,Occidental Petroleum Corporation,2024,8,0,0,0,0
42389004300000,Occidental Petroleum Corporation,2024,9,0,0,0,0
42389004300000,Occidental Petroleum Corporation,2024,10,0,0,0,0
42389004310001,Permian Resources Operating LLC,2024,1,5369,9873,13246,30
42389004310001,Permian Resources Operating LLC,2024,2,5129,5129,9723,30
42389004310001,Permian Resources Operating LLC,2024,3,3463,4321,7130,30
42389004310001,Permian Resources Operating LLC,2024,4,2116,3485,1559,30
42389004310001,Permian Resources Operating LLC,2024,5,1185,921,1017,30
42389004310001,Permian Resources Operating LLC,2024,6,676,925,262,30
42389004310001,Permian Resources Operating LLC,2024,7,282,377,101,30
42389004310001,Permian Resources Operating LLC,2024,8,125,237,106,30
42389004310001,Permian Resources Operating LLC,2024,9,44,77,64,30
42389004310001,Permian Resources Operating LLC,2024,10,16,28,13,30
42389004320001,Callon Petroleum Operating Company,2024,1,7071,12579,6964,30
42389004320001,Callon Petroleum Operating Company,2024,2,6634,10567,2358,30
42389004320001,Callon Petroleum Operating Company,2024,3,4282,7506,6394,30
42389004320001,Callon Petroleum Operating Company,2024,4,2688,4959,2274,30
42389004320001,Callon Petroleum Operating Company,2024,5,1516,855,817,30
42389004320001,Callon Petroleum Operating Company,2024,6,710,633,298,30
42389004320001,Callon Petroleum Operating Company,2024,7,267,323,382,30
42389004320001,Callon Petroleum Operating Company,2024,8,87,149,56,30
42389004320001,Callon Petroleum Operating Company,2024,9,29,35,38,30
42389004320001,Callon Petroleum Operating Company,2024,10,8,15,4,30
42389004330000,Laredo Petroleum Inc,2024,1,5008,8969,10371,30
42389004330000,Laredo Petroleum Inc,2024,2,4111,3835,3970,30
42389004330000,Laredo Petroleum Inc,2024,3,2420,2669,5539,30
42389004330000,Laredo Petroleum Inc,2024,4,1368,1686,730,30
42389004330000,Laredo Petroleum Inc,2024,5,536,1040,955,30
42389004330000,Laredo Petroleum Inc,2024,6,178,268,226,30
42389004330000,Laredo Petroleum Inc,2024,7,62,63,48,30
42389004330000,Laredo Petroleum Inc,2024,8,18,19,26,30
42389004330000,Laredo Petroleum Inc,2024,9,4,4,8,30
42389004330000,Laredo Petroleum Inc,2024,10,1,1,0,30
42389004340100,Cimarex Energy Company,2024,1,4643,4294,6000,30
42389004340100,Cimarex Energy Company,2024,2,3929,6738,2541,30
42389004340100,Cimarex Energy Company,2024,3,2691,4442,2540,30
42389004340100,Cimarex Energy Company,2024,4,1455,2668,3167,30
42389004340100,Cimarex Energy Company,2024,5,757,1390,1537,30
42389004340100,Cimarex Energy Company,2024,6,340,184,509,30
42389004340100,Cimarex Energy Company,2024,7,144,113,56,30
42389004340100,Cimarex Energy Company,2024,8,46,46,7,30
42389004340100,Cimarex Energy Company,2024,9,13,10,28,30
42389004340100,Cimarex Energy Company,2024,10,3,3,6,30
42389004350000,Marathon Oil Company,2024,1,4327,3431,4556,30
42389004350000,Marathon Oil Company,2024,2,2829,2200,2731,30
42389004350000,Marathon Oil Company,2024,3,1924,1371,3455,30
42389004350000,Marathon Oil Company,2024,4,844,934,492,30
42389004350000,Marathon Oil Company,2024,5,331,630,346,30
42389004350000,Marathon Oil Company,2024,6,85,52,52,30
42389004350000,Marathon Oil Company,2024,7,23,29,5,30
42389004350000,Marathon Oil Company,2024,8,4,3,7,30
42389004350000,Marathon Oil Company,2024,9,0,0,0,0
42389004350000,Marathon Oil Company,2024,10,0,0,0,0
42389004360000,Parsley Energy Operations LLC,2024,1,5354,7217,9863,30
42389004360000,Parsley Energy Operations LLC,2024,2,4050,4811,9410,30
42389004360000,Parsley Energy Operations LLC,2024,3,2710,3054,4202,30
42389004360000,Parsley Energy Operations LLC,2024,4,1300,1592,2349,30
42389004360000,Parsley Energy Operations LLC,2024,5,572,700,1214,30
42389004360000,Parsley Energy Operations LLC,2024,6,180,276,396,30
42389004360000,Parsley Energy Operations LLC,2024,7,51,43,60,30
42389004360000,Parsley Energy Operations LLC,2024,8,15,13,27,30
42389004360000,Parsley Energy Operations LLC,2024,9,3,4,5,30
42389004360000,Parsley Energy Operations LLC,2024,10,0,0,0,0
42389004370002,Laredo Petroleum Inc,2024,1,7448,10978,7670,30
42389004370002,Laredo Petroleum Inc,2024,2,5299,7657,5727,30
42389004370002,Laredo Petroleum Inc,2024,3,3292,3469,5942,30
42389004370002,Laredo Petroleum Inc,2024,4,1878,3500,1435,30
42389004370002,Laredo Petroleum Inc,2024,5,844,491,647,30
42389004370002,Laredo Petroleum Inc,2024,6,269,348,244,30
42389004370002,Laredo Petroleum Inc,2024,7,94,117,31,30
42389004370002,Laredo Petroleum Inc,2024,8,24,20,34,30
42389004370002,Laredo Petroleum Inc,2024,9,7,6,9,30
42389004370002,Laredo Petroleum Inc,2024,10,1,0,2,30
42389004380000,Pioneer Natural Resources USA Inc,2024,1,3243,6388,7697,30
42389004380000,Pioneer Natural Resources USA Inc,2024,2,3165,4446,6240,30
42389004380000,Pioneer Natural Resources USA Inc,2024,3,2152,2926,2747,30
42389004380000,Pioneer Natural Resources USA Inc,2024,4,1552,1642,835,30
42389004380000,Pioneer Natural Resources USA Inc,2024,5,973,1730,588,30
42389004380000,Pioneer Natural Resources USA Inc,2024,6,536,1035,394,30
42389004380000,Pioneer Natural Resources USA Inc,2024,7,250,242,516,30
42389004380000,Pioneer Natural Resources USA Inc,2024,8,114,163,64,30
42389004380000,Pioneer Natural Resources USA Inc,2024,9,52,40,94,30
42389004380000,Pioneer Natural Resources USA Inc,2024,10,20,31,48,30
42389004390000,Centennial Resource Production LLC,2024,1,5061,9752,6845,30
42389004390000,Centennial Resource Production LLC,2024,2,3682,6130,6257,30
42389004390000,Centennial Resource Production LLC,2024,3,2247,2882,5462,30
42389004390000,Centennial Resource Production LLC,2024,4,1236,1486,766,30
42389004390000,Centennial Resource Production LLC,2024,5,541,820,142,30
42389004390000,Centennial Resource Production LLC,2024,6,227,279,282,30
42389004390000,Centennial Resource Production LLC,2024,7,70,50,169,30
42389004390000,Centennial Resource Production LLC,2024,8,20,24,10,30
42389004390000,Centennial Resource Production LLC,2024,9,5,8,7,30
42389004390000,Centennial Resource Production LLC,2024,10,1,0,0,30
42389004400102,Occidental Petroleum Corporation,2024,1,0,0,0,0
42389004400102,Occidental Petroleum Corporation,2024,2,0,0,0,0
42389004400102,Occidental Petroleum Corporation,2024,3,0,0,0,0
42389004400102,Occidental Petroleum Corporation,2024,4,0,0,0,0
42389004400102,Occidental Petroleum Corporation,2024,5,0,0,0,0
42389004400102,Occidental Petroleum Corporation,2024,6,0,0,0,0
42389004400102,Occidental Petroleum Corporation,2024,7,0,0,0,0
42389004400102,Occidental Petroleum Corporation,2024,8,0,0,0,0
42389004400102,Occidental Petroleum Corporation,2024,9,0,0,0,0
42389004400102,Occidental Petroleum Corporation,2024,10,0,0,0,0
42389004410001,EOG Resources Inc,2024,1,2238,3730,2444,30
42389004410001,EOG Resources Inc,2024,2,1909,1101,792,30
42389004410001,EOG Resources Inc,2024,3,1544,1434,433,30
42389004410001,EOG Resources Inc,2024,4,916,1072,1873,30
42389004410001,EOG Resources Inc,2024,5,530,941,709,30
42389004410001,EOG Resources Inc,2024,6,261,378,618,30
42389004410001,EOG Resources Inc,2024,7,99,72,119,30
42389004410001,EOG Resources Inc,2024,8,37,52,73,30
42389004410001,EOG Resources Inc,2024,9,15,8,8,30
42389004410001,EOG Resources Inc,2024,10,4,3,0,30
42389004420002,Laredo Petroleum Inc,2024,1,4879,6869,6497,30
42389004420002,Laredo Petroleum Inc,2024,2,4352,7041,4855,30
42389004420002,Laredo Petroleum Inc,2024,3,2948,5394,2767,30
42389004420002,Laredo Petroleum Inc,2024,4,1412,2730,2789,30
42389004420002,Laredo Petroleum Inc,2024,5,565,657,518,30
42389004420002,Laredo Petroleum Inc,2024,6,256,411,233,30
42389004420002,Laredo Petroleum Inc,2024,7,79,40,119,30
42389004420002,Laredo Petroleum Inc,2024,8,19,31,36,30
42389004420002,Laredo Petroleum Inc,2024,9,5,5,4,30
42389004420002,Laredo Petroleum Inc,2024,10,1,1,1,30
42389004430000,Parsley Energy Operations LLC,2024,1,5402,5196,8984,30
42389004430000,Parsley Energy Operations LLC,2024,2,4622,4866,8952,30
42389004430000,Parsley Energy Operations LLC,2024,3,3326,3868,7622,30
42389004430000,Parsley Energy Operations LLC,2024,4,2062,3909,4929,30
42389004430000,Parsley Energy Operations LLC,2024,5,1198,1233,2726,30
42389004430000,Parsley Energy Operations LLC,2024,6,473,377,167,30
42389004430000,Parsley Energy Operations LLC,2024,7,230,296,166,30
42389004430000,Parsley Energy Operations LLC,2024,8,75,67,174,30
42389004430000,Parsley Energy Operations LLC,2024,9,27,46,59,30
42389004430000,Parsley Energy Operations LLC,2024,10,7,11,15,30
42389004440001,Independence Resources Management LLC,2024,1,3267,6292,7370,30
42389004440001,Independence Resources Management LLC,2024,2,2444,3023,3370,30
42389004440001,Independence Resources Management LLC,2024,3,1596,2256,1196,30
42389004440001,Independence Resources Management LLC,2024,4,866,566,2077,30
42389004440001,Independence Resources Management LLC,2024,5,476,321,109,30
42389004440001,Independence Resources Management LLC,2024,6,211,384,431,30
42389004440001,Independence Resources Management LLC,2024,7,81,112,97,30
42389004440001,Independence Resources Management LLC,2024,8,28,22,68,30
42389004440001,Independence Resources Management LLC,2024,9,8,8,19,30
42389004440001,Independence Resources Management LLC,2024,10,2,3,2,30
42389004450001,Laredo Petroleum Inc,2024,1,2640,4548,3568,30
42389004450001,Laredo Petroleum Inc,2024,2,2096,1678,4869,30
42389004450001,Laredo Petroleum Inc,2024,3,1188,1222,2919,30
42389004450001,Laredo Petroleum Inc,2024,4,722,1009,1019,30
42389004450001,Laredo Petroleum Inc,2024,5,268,282,310,30
42389004450001,Laredo Petroleum Inc,2024,6,95,104,18,30
42389004450001,Laredo Petroleum Inc,2024,7,34,60,51,30
42389004450001,Laredo Petroleum Inc,2024,8,8,10,7,30
42389004450001,Laredo Petroleum Inc,2024,9,2,3,4,30
42389004450001,Laredo Petroleum Inc,2024,10,0,0,0,0
42389004460000,SM Energy Company,2024,1,6516,7825,12791,30
42389004460000,SM Energy Company,2024,2,5647,4184,2475,30
42389004460000,SM Energy Company,2024,3,4108,5328,9195,30
42389004460000,SM Energy Company,2024,4,2524,2216,6243,30
42389004460000,SM Energy Company,2024,5,1420,1158,3047,30
42389004460000,SM Energy Company,2024,6,595,302,97,30
42389004460000,SM Energy Company,2024,7,298,357,357,30
42389004460000,SM Energy Company,2024,8,111,170,240,30
42389004460000,SM Energy Company,2024,9,37,44,73,30
42389004460000,SM Energy Company,2024,10,11,8,10,30
42389004470101,Matador Production Company,2024,1,3394,2016,6023,30
42389004470101,Matador Production Company,2024,2,2404,2211,418,30
42389004470101,Matador Production Company,2024,3,1647,1729,453,30
42389004470101,Matador Production Company,2024,4,861,863,1784,30
42389004470101,Matador Production Company,2024,5,315,418,287,30
42389004470101,Matador Production Company,2024,6,137,121,54,30
42389004470101,Matador Production Company,2024,7,43,66,37,30
42389004470101,Matador Production Company,2024,8,12,23,28,30
42389004470101,Matador Production Company,2024,9,2,2,3,30
42389004470101,Matador Production Company,2024,10,0,0,0,0
42389004480002,Marathon Oil Company,2024,1,8472,11953,1485,30
42389004480002,Marathon Oil Company,2024,2,6481,3914,12841,30
42389004480002,Marathon Oil Company,2024,3,4283,7323,1243,30
42389004480002,Marathon Oil Company,2024,4,2165,4009,2753,30
42389004480002,Marathon Oil Company,2024,5,916,1036,2051,30
42389004480002,Marathon Oil Company,2024,6,381,411,218,30
42389004480002,Marathon Oil Company,2024,7,133,218,153,30
42389004480002,Marathon Oil Company,2024,8,43,79,79,30
42389004480002,Marathon Oil Company,2024,9,11,14,7,30
42389004480002,Marathon Oil Company,2024,10,2,3,2,30
42389004490002,Matador Production Company,2024,1,2640,4234,4854,30
42389004490002,Matador Production Company,2024,2,2008,2267,524,30
42389004490002,Matador Production Company,2024,3,1189,1008,1514,30
42389004490002,Matador Production Company,2024,4,561,695,1244,30
42389004490002,Matador Production Company,2024,5,205,365,51,30
42389004490002,Matador Production Company,2024,6,72,51,132,30
42389004490002,Matador Production Company,2024,7,22,38,28,30
42389004490002,Matador Production Company,2024,8,5,7,2,30
42389004490002,Matador Production Company,2024,9,1,0,1,30
42389004490002,Matador Production Company,2024,10,0,0,0,0
42389004500002,Concho Resources Inc,2024,1,2899,2177,1762,30
42389004500002,Concho Resources Inc,2024,2,2252,1763,3802,30
42389004500002,Concho Resources Inc,2024,3,1464,751,1163,30
42389004500002,Concho Resources Inc,2024,4,769,814,1826,30
42389004500002,Concho Resources Inc,2024,5,329,338,761,30
42389004500002,Concho Resources Inc,2024,6,108,131,119,30
42389004500002,Concho Resources Inc,2024,7,36,53,9,30
42389004500002,Concho Resources Inc,2024,8,11,20,8,30
42389004500002,Concho Resources Inc,2024,9,2,2,3,30
42389004500002,Concho Resources Inc,2024,10,0,0,0,0
42389004510000,Matador Production Company,2024,1,5467,7205,12778,30
42389004510000,Matador Production Company,2024,2,4762,7000,8700,30
42389004510000,Matador Production Company,2024,3,2985,3844,3170,30
42389004510000,Matador Production Company,2024,4,1914,1942,2399,30
42389004510000,Matador Production Company,2024,5,890,1163,189,30
42389004510000,Matador Production Company,2024,6,414,505,166,30
42389004510000,Matador Production Company,2024,7,166,252,284,30
42389004510000,Matador Production Company,2024,8,66,79,141,30
42389004510000,Matador Production Company,2024,9,21,16,31,30
42389004510000,Matador Production Company,2024,10,6,6,5,30
42389004520001,Chevron USA Inc,2024,1,3620,3044,404,30
42389004520001,Chevron USA Inc,2024,2,2839,1865,4964,30
42389004520001,Chevron USA Inc,2024,3,1555,2540,1505,30
42389004520001,Chevron USA Inc,2024,4,686,399,750,30
42389004520001,Chevron USA Inc,2024,5,247,430,125,30
42389004520001,Chevron USA Inc,2024,6,70,111,85,30
42389004520001,Chevron USA Inc,2024,7,19,35,12,30
42389004520001,Chevron USA Inc,2024,8,3,4,3,30
42389004520001,Chevron USA Inc,2024,9,0,0,0,0
42389004520001,Chevron USA Inc,2024,10,0,0,0,0
42389004530001,Pioneer Natural Resources USA Inc,2024,1,5807,5743,3950,30
42389004530001,Pioneer Natural Resources USA Inc,2024,2,4743,2561,10683,30
42389004530001,Pioneer Natural Resources USA Inc,2024,3,3560,2570,8231,30
42389004530001,Pioneer Natural Resources USA Inc,2024,4,2623,4042,1916,30
42389004530001,Pioneer Natural Resources USA Inc,2024,5,1319,716,1399,30
42389004530001,Pioneer Natural Resources USA Inc,2024,6,643,652,838,30
42389004530001,Pioneer Natural Resources USA Inc,2024,7,297,345,274,30
42389004530001,Pioneer Natural Resources USA Inc,2024,8,141,214,122,30
42389004530001,Pioneer Natural Resources USA Inc,2024,9,57,44,100,30
42389004530001,Pioneer Natural Resources USA Inc,2024,10,19,23,8,30
42389004540000,Laredo Petroleum Inc,2024,1,5368,8196,6415,30
42389004540000,Laredo Petroleum Inc,2024,2,4842,3302,8115,30
42389004540000,Laredo Petroleum Inc,2024,3,3133,3671,2938,30
42389004540000,Laredo Petroleum Inc,2024,4,2111,2771,5050,30
42389004540000,Laredo Petroleum Inc,2024,5,1112,1961,1264,30
42389004540000,Laredo Petroleum Inc,2024,6,511,514,856,30
42389004540000,Laredo Petroleum Inc,2024,7,244,223,497,30
42389004540000,Laredo Petroleum Inc,2024,8,92,148,166,30
42389004540000,Laredo Petroleum Inc,2024,9,30,50,28,30
42389004540000,Laredo Petroleum Inc,2024,10,8,12,9,30
42389004550002,Concho Resources Inc,2024,1,4117,4281,8916,30
42389004550002,Concho Resources Inc,2024,2,3788,6568,3165,30
42389004550002,Concho Resources Inc,2024,3,2949,4314,3273,30
42389004550002,Concho Resources Inc,2024,4,1867,1575,2838,30
42389004550002,Concho Resources Inc,2024,5,1078,1406,2181,30
42389004550002,Concho Resources Inc,2024,6,587,1115,1377,30
42389004550002,Concho Resources Inc,2024,7,295,318,126,30
42389004550002,Concho Resources Inc,2024,8,124,195,268,30
42389004550002,Concho Resources Inc,2024,9,51,37,64,30
42389004550002,Concho Resources Inc,2024,10,17,29,20,30
42389004560002,Parsley Energy Operations LLC,2024,1,4294,7600,3653,30
42389004560002,Parsley Energy Operations LLC,2024,2,2855,5638,5364,30
42389004560002,Parsley Energy Operations LLC,2024,3,2173,1651,4580,30
42389004560002,Parsley Energy Operations LLC,2024,4,1015,897,1417,30
42389004560002,Parsley Energy Operations LLC,2024,5,555,1027,660,30
42389004560002,Parsley Energy Operations LLC,2024,6,214,151,491,30
42389004560002,Parsley Energy Operations LLC,2024,7,69,52,135,30
42389004560002,Parsley Energy Operations LLC,2024,8,19,23,30,30
42389004560002,Parsley Energy Operations LLC,2024,9,6,10,1,30
42389004560002,Parsley Energy Operations LLC,2024,10,1,1,2,30
42389004570001,Chevron USA Inc,2024,1,8007,15117,7580,30
42389004570001,Chevron USA Inc,2024,2,5212,8172,2468,30
42389004570001,Chevron USA Inc,2024,3,3285,2910,6097,30
42389004570001,Chevron USA Inc,2024,4,1357,1742,553,30
42389004570001,Chevron USA Inc,2024,5,501,496,860,30
42389004570001,Chevron USA Inc,2024,6,163,111,389,30
42389004570001,Chevron USA Inc,2024,7,43,22,28,30
42389004570001,Chevron USA Inc,2024,8,9,16,11,30
42389004570001,Chevron USA Inc,2024,9,1,1,2,30
42389004570001,Chevron USA Inc,2024,10,0,0,0,0
42389004580102,Laredo Petroleum Inc,2024,1,9250,9296,21829,30
42389004580102,Laredo Petroleum Inc,2024,2,9009,14008,2070,30
42389004580102,Laredo Petroleum Inc,2024,3,5869,9953,9596,30
42389004580102,Laredo Petroleum Inc,2024,4,3287,5446,5125,30
42389004580102,Laredo Petroleum Inc,2024,5,2005,2913,318,30
42389004580102,Laredo Petroleum Inc,2024,6,778,810,581,30
42389004580102,Laredo Petroleum Inc,2024,7,339,379,788,30
42389004580102,Laredo Petroleum Inc,2024,8,120,109,36,30
42389004580102,Laredo Petroleum Inc,2024,9,49,86,6,30
42389004580102,Laredo Petroleum Inc,2024,10,14,20,4,30
42389004590000,Marathon Oil Company,2024,1,6406,4868,7463,30
42389004590000,Marathon Oil Company,2024,2,6160,9079,14616,30
42389004590000,Marathon Oil Company,2024,3,4283,5101,3722,30
42389004590000,Marathon Oil Company,2024,4,2532,4155,5884,30
42389004590000,Marathon Oil Company,2024,5,1424,1552,1742,30
42389004590000,Marathon Oil Company,2024,6,635,443,337,30
42389004590000,Marathon Oil Company,2024,7,288,373,309,30
42389004590000,Marathon Oil Company,2024,8,110,78,100,30
42389004590000,Marathon Oil Company,2024,9,40,75,27,30
42389004590000,Marathon Oil Company,2024,10,12,11,24,30
42389004600001,Endeavor Energy Resources LP,2024,1,7308,12175,1617,30
42389004600001,Endeavor Energy Resources LP,2024,2,5059,4158,6243,30
42389004600001,Endeavor Energy Resources LP,2024,3,3030,4863,7374,30
42389004600001,Endeavor Energy Resources LP,2024,4,1398,2541,3110,30
42389004600001,Endeavor Energy Resources LP,2024,5,532,815,284,30
42389004600001,Endeavor Energy Resources LP,2024,6,189,205,387,30
42389004600001,Endeavor Energy Resources LP,2024,7,46,67,25,30
42389004600001,Endeavor Energy Resources LP,2024,8,10,19,22,30
42389004600001,Endeavor Energy Resources LP,2024,9,2,3,0,30
42389004600001,Endeavor Energy Resources LP,2024,10,0,0,0,0
42389004610000,Devon Energy Production Company LP,2024,1,7903,6875,2388,30
42389004610000,Devon Energy Production Company LP,2024,2,5260,3592,5846,30
42389004610000,Devon Energy Production Company LP,2024,3,3701,6954,2030,30
42389004610000,Devon Energy Production Company LP,2024,4,1582,1365,285,30
42389004610000,Devon Energy Production Company LP,2024,5,629,1224,654,30
42389004610000,Devon Energy Production Company LP,2024,6,240,441,439,30
42389004610000,Devon Energy Production Company LP,2024,7,68,79,104,30
42389004610000,Devon Energy Production Company LP,2024,8,18,10,1,30
42389004610000,Devon Energy Production Company LP,2024,9,4,4,8,30
42389004610000,Devon Energy Production Company LP,2024,10,1,0,1,30
42389004620002,Permian Resources Operating LLC,2024,1,3484,5048,5609,30
42389004620002,Permian Resources Operating LLC,2024,2,3172,2658,7319,30
42389004620002,Permian Resources Operating LLC,2024,3,2097,2944,2212,30
42389004620002,Permian Resources Operating LLC,2024,4,1061,1616,714,30
42389004620002,Permian Resources Operating LLC,2024,5,455,373,549,30
42389004620002,Permian Resources Operating LLC,2024,6,180,107,383,30
42389004620002,Permian Resources Operating LLC,2024,7,67,103,151,30
42389004620002,Permian Resources Operating LLC,2024,8,20,28,46,30
42389004620002,Permian Resources Operating LLC,2024,9,5,5,8,30
42389004620002,Permian Resources Operating LLC,2024,10,1,0,0,30
42389004630001,Permian Resources Operating LLC,2024,1,3692,5216,8208,30
42389004630001,Permian Resources Operating LLC,2024,2,3473,3750,3702,30
42389004630001,Permian Resources Operating LLC,2024,3,2599,4233,2837,30
42389004630001,Permian Resources Operating LLC,2024,4,1498,2218,745,30
42389004630001,Permian Resources Operating LLC,2024,5,710,1311,597,30
42389004630001,Permian Resources Operating LLC,2024,6,373,539,622,30
42389004630001,Permian Resources Operating LLC,2024,7,130,129,103,30
42389004630001,Permian Resources Operating LLC,2024,8,49,66,79,30
42389004630001,Permian Resources Operating LLC,2024,9,14,13,7,30
42389004630001,Permian Resources Operating LLC,2024,10,4,4,8,30
42389004640002,Independence Resources Management LLC,2024,1,5410,6178,13172,30
42389004640002,Independence Resources Management LLC,2024,2,3926,2508,8096,30
42389004640002,Independence Resources Management LLC,2024,3,2631,4088,2577,30
42389004640002,Independence Resources Management LLC,2024,4,1301,2592,2762,30
42389004640002,Independence Resources Management LLC,2024,5,512,779,537,30
42389004640002,Independence Resources Management LLC,2024,6,204,383,209,30
42389004640002,Independence Resources Management LLC,2024,7,65,126,133,30
42389004640002,Independence Resources Management LLC,2024,8,16,19,36,30
42389004640002,Independence Resources Management LLC,2024,9,4,5,3,30
42389004640002,Independence Resources Management LLC,2024,10,0,0,0,0
42389004650000,Diamondback E&P LLC,2024,1,6735,5569,3647,30
42389004650000,Diamondback E&P LLC,2024,2,4984,3792,4398,30
42389004650000,Diamondback E&P LLC,2024,3,3219,6434,2373,30
42389004650000,Diamondback E&P LLC,2024,4,1351,1652,1691,30
42389004650000,Diamondback E&P LLC,2024,5,583,992,945,30
42389004650000,Diamondback E&P LLC,2024,6,190,375,109,30
42389004650000,Diamondback E&P LLC,2024,7,54,97,22,30
42389004650000,Diamondback E&P LLC,2024,8,14,20,14,30
42389004650000,Diamondback E&P LLC,2024,9,3,1,2,30
42389004650000,Diamondback E&P LLC,2024,10,0,0,0,0
42389004660001,Devon Energy Production Company LP,2024,1,5444,4376,4612,30
42389004660001,Devon Energy Production Company LP,2024,2,4528,8485,2519,30
42389004660001,Devon Energy Production Company LP,2024,3,2908,2361,1450,30
42389004660001,Devon Energy Production Company LP,2024,4,1797,3245,1772,30
42389004660001,Devon Energy Production Company LP,2024,5,852,577,1549,30
42389004660001,Devon Energy Production Company LP,2024,6,407,764,692,30
42389004660001,Devon Energy Production Company LP,2024,7,145,163,212,30
42389004660001,Devon Energy Production Company LP,2024,8,56,43,80,30
42389004660001,Devon Energy Production Company LP,2024,9,16,8,19,30
42389004660001,Devon Energy Production Company LP,2024,10,4,5,6,30
42389004670000,Apache Corporation,2024,1,6196,8655,8140,30
42389004670000,Apache Corporation,2024,2,4427,5029,3666,30
42389004670000,Apache Corporation,2024,3,3041,4202,7460,30
42389004670000,Apache Corporation,2024,4,1498,1905,2334,30
42389004670000,Apache Corporation,2024,5,654,1247,947,30
42389004670000,Apache Corporation,2024,6,249,344,580,30
42389004670000,Apache Corporation,2024,7,75,38,129,30
42389004670000,Apache Corporation,2024,8,22,36,35,30
42389004670000,Apache Corporation,2024,9,4,3,5,30
42389004670000,Apache Corporation,2024,10,1,1,0,30
42389004680002,Independence Resources Management LLC,2024,1,6725,5326,5956,30
42389004680002,Independence Resources Management LLC,2024,2,5318,4387,6758,30
42389004680002,Independence Resources Management LLC,2024,3,2925,5247,6929,30
42389004680002,Independence Resources Management LLC,2024,4,1407,2771,2936,30
42389004680002,Independence Resources Management LLC,2024,5,462,621,1068,30
42389004680002,Independence Resources Management LLC,2024,6,144,283,223,30
42389004680002,Independence Resources Management LLC,2024,7,32,26,39,30
42389004680002,Independence Resources Management LLC,2024,8,6,3,11,30
42389004680002,Independence Resources Management LLC,2024,9,1,1,1,30
42389004680002,Independence Resources Management LLC,2024,10,0,0,0,0
42389004690101,Independence Resources Management LLC,2024,1,6232,9665,6543,30
42389004690101,Independence Resources Management LLC,2024,2,4648,7102,9542,30
42389004690101,Independence Resources Management LLC,2024,3,3075,3966,5899,30
42389004690101,Independence Resources Management LLC,2024,4,1979,3095,3500,30
42389004690101,Independence Resources Management LLC,2024,5,1188,1739,2806,30
42389004690101,Independence Resources Management LLC,2024,6,498,876,1205,30
42389004690101,Independence Resources Management LLC,2024,7,231,243,561,30
42389004690101,Independence Resources Management LLC,2024,8,83,144,186,30
42389004690101,Independence Resources Management LLC,2024,9,30,30,67,30
42389004690101,Independence Resources Management LLC,2024,10,10,10,17,30
42389004700000,Permian Resources Operating LLC,2024,1,8443,16244,14132,30
42389004700000,Permian Resources Operating LLC,2024,2,7620,5387,10719,30
42389004700000,Permian Resources Operating LLC,2024,3,4278,6908,711,30
42389004700000,Permian Resources Operating LLC,2024,4,1960,2565,2921,30
42389004700000,Permian Resources Operating LLC,2024,5,871,775,647,30
42389004700000,Permian Resources Operating LLC,2024,6,267,363,401,30
42389004700000,Permian Resources Operating LLC,2024,7,80,62,131,30
42389004700000,Permian Resources Operating LLC,2024,8,19,17,24,30
42389004700000,Permian Resources Operating LLC,2024,9,4,6,6,30
42389004700000,Permian Resources Operating LLC,2024,10,0,0,0,0
42389004710102,Parsley Energy Operations LLC,2024,1,8694,6111,8460,30
42389004710102,Parsley Energy Operations LLC,2024,2,5931,5587,1635,30
42389004710102,Parsley Energy Operations LLC,2024,3,4323,3886,2946,30
42389004710102,Parsley Energy Operations LLC,2024,4,1998,2613,3255,30
42389004710102,Parsley Energy Operations LLC,2024,5,939,1787,582,30
42389004710102,Parsley Energy Operations LLC,2024,6,393,249,313,30
42389004710102,Parsley Energy Operations LLC,2024,7,132,67,201,30
42389004710102,Parsley Energy Operations LLC,2024,8,37,31,10,30
42389004710102,Parsley Energy Operations LLC,2024,9,11,16,2,30
42389004710102,Parsley Energy Operations LLC,2024,10,2,2,0,30
42389004720002,EOG Resources Inc,2024,1,4950,9543,8683,30
42389004720002,EOG Resources Inc,2024,2,4006,2063,7122,30
42389004720002,EOG Resources Inc,2024,3,2181,4172,768,30
42389004720002,EOG Resources Inc,2024,4,968,1636,1580,30
42389004720002,EOG Resources Inc,2024,5,321,212,764,30
42389004720002,EOG Resources Inc,2024,6,71,90,155,30
42389004720002,EOG Resources Inc,2024,7,17,15,35,30
42389004720002,EOG Resources Inc,2024,8,2,1,4,30
42389004720002,EOG Resources Inc,2024,9,0,0,0,0
42389004720002,EOG Resources Inc,2024,10,0,0,0,0
42389004730001,EOG Resources Inc,2024,1,6399,9124,805,30
42389004730001,EOG Resources Inc,2024,2,4459,6634,1950,30
42389004730001,EOG Resources Inc,2024,3,2682,2362,6100,30
42389004730001,EOG Resources Inc,2024,4,1284,1310,292,30
42389004730001,EOG Resources Inc,2024,5,476,845,318,30
42389004730001,EOG Resources Inc,2024,6,139,278,253,30
42389004730001,EOG Resources Inc,2024,7,39,20,84,30
42389004730001,EOG Resources Inc,2024,8,9,14,21,30
42389004730001,EOG Resources Inc,2024,9,1,0,0,30
42389004730001,EOG Resources Inc,2024,10,0,0,0,0
42389004740000,Diamondback E&P LLC,2024,1,2962,3604,1624,30
42389004740000,Diamondback E&P LLC,2024,2,2162,3076,2210,30
42389004740000,Diamondback E&P LLC,2024,3,1647,2040,747,30
42389004740000,Diamondback E&P LLC,2024,4,1037,608,2303,30
42389004740000,Diamondback E&P LLC,2024,5,548,372,344,30
42389004740000,Diamondback E&P LLC,2024,6,220,154,252,30
42389004740000,Diamondback E&P LLC,2024,7,95,157,88,30
42389004740000,Diamondback E&P LLC,2024,8,31,33,15,30
42389004740000,Diamondback E&P LLC,2024,9,8,7,4,30
42389004740000,Diamondback E&P LLC,2024,10,2,2,2,30
42389004750100,Devon Energy Production Company LP,2024,1,1883,1310,1693,30
42389004750100,Devon Energy Production Company LP,2024,2,1474,2267,1551,30
42389004750100,Devon Energy Production Company LP,2024,3,1150,1178,2196,30
42389004750100,Devon Energy Production Company LP,2024,4,802,1110,931,30
42389004750100,Devon Energy Production Company LP,2024,5,436,231,222,30
42389004750100,Devon Energy Production Company LP,2024,6,212,123,334,30
42389004750100,Devon Energy Production Company LP,2024,7,87,96,26,30
42389004750100,Devon Energy Production Company LP,2024,8,32,60,65,30
42389004750100,Devon Energy Production Company LP,2024,9,12,14,7,30
42389004750100,Devon Energy Production Company LP,2024,10,3,1,2,30
42389004760001,Parsley Energy Operations LLC,2024,1,5568,7488,12972,30
42389004760001,Parsley Energy Operations LLC,2024,2,5045,7133,1258,30
42389004760001,Parsley Energy Operations LLC,2024,3,3261,4943,4272,30
42389004760001,Parsley Energy Operations LLC,2024,4,2263,3152,2681,30
42389004760001,Parsley Energy Operations LLC,2024,5,1328,2001,290,30
42389004760001,Parsley Energy Operations LLC,2024,6,722,371,1041,30
42389004760001,Parsley Energy Operations LLC,2024,7,276,548,178,30
42389004760001,Parsley Energy Operations LLC,2024,8,117,64,194,30
42389004760001,Parsley Energy Operations LLC,2024,9,42,54,31,30
42389004760001,Parsley Energy Operations LLC,2024,10,14,15,29,30
42389004770101,Diamondback E&P LLC,2024,1,3972,2192,1520,30
42389004770101,Diamondback E&P LLC,2024,2,2467,4716,3486,30
42389004770101,Diamondback E&P LLC,2024,3,1618,1590,668,30
42389004770101,Diamondback E&P LLC,2024,4,646,800,231,30
42389004770101,Diamondback E&P LLC,2024,5,227,186,57,30
42389004770101,Diamondback E&P LLC,2024,6,67,59,47,30
42389004770101,Diamondback E&P LLC,2024,7,15,20,33,30
42389004770101,Diamondback E&P LLC,2024,8,3,3,4,30
42389004770101,Diamondback E&P LLC,2024,9,0,0,0,0
42389004770101,Diamondback E&P LLC,2024,10,0,0,0,0
42389004780101,Occidental Petroleum Corporation,2024,1,2202,2686,5183,30
42389004780101,Occidental Petroleum Corporation,2024,2,2005,2807,2927,30
42389004780101,Occidental Petroleum Corporation,2024,3,1493,2305,2142,30
42389004780101,Occidental Petroleum Corporation,2024,4,832,747,1342,30
42389004780101,Occidental Petroleum Corporation,2024,5,501,342,246,30
42389004780101,Occidental Petroleum Corporation,2024,6,224,228,468,30
42389004780101,Occidental Petroleum Corporation,2024,7,89,126,166,30
42389004780101,Occidental Petroleum Corporation,2024,8,30,52,4,30
42389004780101,Occidental Petroleum Corporation,2024,9,10,17,8,30
42389004780101,Occidental Petroleum Corporation,2024,10,2,3,0,30
42389004790000,Cimarex Energy Company,2024,1,3766,5091,8530,30
42389004790000,Cimarex Energy Company,2024,2,2981,5055,6454,30
42389004790000,Cimarex Energy Company,2024,3,2206,1685,1639,30
42389004790000,Cimarex Energy Company,2024,4,1103,1452,2063,30
42389004790000,Cimarex Energy Company,2024,5,401,279,505,30
42389004790000,Cimarex Energy Company,2024,6,157,261,73,30
42389004790000,Cimarex Energy Company,2024,7,44,30,51,30
42389004790000,Cimarex Energy Company,2024,8,10,11,8,30
42389004790000,Cimarex Energy Company,2024,9,2,2,4,30
42389004790000,Cimarex Energy Company,2024,10,0,0,0,0
42389004800002,Diamondback E&P LLC,2024,1,1663,1337,403,30
42389004800002,Diamondback E&P LLC,2024,2,1622,1983,2638,30
42389004800002,Diamondback E&P LLC,2024,3,1088,1979,1909,30
42389004800002,Diamondback E&P LLC,2024,4,657,1043,487,30
42389004800002,Diamondback E&P LLC,2024,5,370,612,530,30
42389004800002,Diamondback E&P LLC,2024,6,189,185,182,30
42389004800002,Diamondback E&P LLC,2024,7,72,110,93,30
42389004800002,Diamondback E&P LLC,2024,8,27,38,64,30
42389004800002,Diamondback E&P LLC,2024,9,8,14,12,30
42389004800002,Diamondback E&P LLC,2024,10,2,1,1,30
42389004810001,Devon Energy Production Company LP,2024,1,4934,5580,9561,30
42389004810001,Devon Energy Production Company LP,2024,2,4634,5032,6399,30
42389004810001,Devon Energy Production Company LP,2024,3,2885,3014,1225,30
42389004810001,Devon Energy Production Company LP,2024,4,1896,2713,1320,30
42389004810001,Devon Energy Production Company LP,2024,5,899,1475,591,30
42389004810001,Devon Energy Production Company LP,2024,6,391,774,751,30
42389004810001,Devon Energy Production Company LP,2024,7,146,275,136,30
42389004810001,Devon Energy Production Company LP,2024,8,50,97,33,30
42389004810001,Devon Energy Production Company LP,2024,9,16,10,22,30
42389004810001,Devon Energy Production Company LP,2024,10,4,6,4,30
42389004820001,Centennial Resource Production LLC,2024,1,4437,6069,2514,30
42389004820001,Centennial Resource Production LLC,2024,2,4098,4315,8076,30
42389004820001,Centennial Resource Production LLC,2024,3,2624,1936,1911,30
42389004820001,Centennial Resource Production LLC,2024,4,1408,1086,451,30
42389004820001,Centennial Resource Production LLC,2024,5,640,841,1123,30
42389004820001,Centennial Resource Production LLC,2024,6,247,252,547,30
42389004820001,Centennial Resource Production LLC,2024,7,81,97,42,30
42389004820001,Centennial Resource Production LLC,2024,8,21,28,12,30
42389004820001,Centennial Resource Production LLC,2024,9,4,3,8,30
42389004820001,Centennial Resource Production LLC,2024,10,1,1,1,30
42389004830002,SM Energy Company,2024,1,4212,2830,1204,30
42389004830002,SM Energy Company,2024,2,3103,4517,2838,30
42389004830002,SM Energy Company,2024,3,1804,3028,1327,30
42389004830002,SM Energy Company,2024,4,878,1459,788,30
42389004830002,SM Energy Company,2024,5,326,591,258,30
42389004830002,SM Energy Company,2024,6,103,68,166,30
42389004830002,SM Energy Company,2024,7,27,42,49,30
42389004830002,SM Energy Company,2024,8,5,4,10,30
42389004830002,SM Energy Company,2024,9,1,1,1,30
42389004830002,SM Energy Company,2024,10,0,0,0,0
42389004840000,Independence Resources Management LLC,2024,1,0,0,0,0
42389004840000,Independence Resources Management LLC,2024,2,0,0,0,0
42389004840000,Independence Resources Management LLC,2024,3,0,0,0,0
42389004840000,Independence Resources Management LLC,2024,4,0,0,0,0
42389004840000,Independence Resources Management LLC,2024,5,0,0,0,0
42389004840000,Independence Resources Management LLC,2024,6,0,0,0,0
42389004840000,Independence Resources Management LLC,2024,7,0,0,0,0
42389004840000,Independence Resources Management LLC,2024,8,0,0,0,0
42389004840000,Independence Resources Management LLC,2024,9,0,0,0,0
42389004840000,Independence Resources Management LLC,2024,10,0,0,0,0
42389004850000,Independence Resources Management LLC,2024,1,0,0,0,0
42389004850000,Independence Resources Management LLC,2024,2,0,0,0,0
42389004850000,Independence Resources Management LLC,2024,3,0,0,0,0
42389004850000,Independence Resources Management LLC,2024,4,0,0,0,0
42389004850000,Independence Resources Management LLC,2024,5,0,0,0,0
42389004850000,Independence Resources Management LLC,2024,6,0,0,0,0
42389004850000,Independence Resources Management LLC,2024,7,0,0,0,0
42389004850000,Independence Resources Management LLC,2024,8,0,0,0,0
42389004850000,Independence Resources Management LLC,2024,9,0,0,0,0
42389004850000,Independence Resources Management LLC,2024,10,0,0,0,0
42389004860000,Concho Resources Inc,2024,1,3130,2507,6314,30
42389004860000,Concho Resources Inc,2024,2,2253,1419,3030,30
42389004860000,Concho Resources Inc,2024,3,1480,2227,2271,30
42389004860000,Concho Resources Inc,2024,4,692,1337,1113,30
42389004860000,Concho Resources Inc,2024,5,316,407,288,30
42389004860000,Concho Resources Inc,2024,6,106,145,30,30
42389004860000,Concho Resources Inc,2024,7,29,30,33,30
42389004860000,Concho Resources Inc,2024,8,8,9,11,30
42389004860000,Concho Resources Inc,2024,9,1,0,0,30
42389004860000,Concho Resources Inc,2024,10,0,0,0,0
42389004870001,Laredo Petroleum Inc,2024,1,2320,3589,5587,30
42389004870001,Laredo Petroleum Inc,2024,2,1860,3362,782,30
42389004870001,Laredo Petroleum Inc,2024,3,1062,905,259,30
42389004870001,Laredo Petroleum Inc,2024,4,607,789,1355,30
42389004870001,Laredo Petroleum Inc,2024,5,221,230,418,30
42389004870001,Laredo Petroleum Inc,2024,6,74,130,104,30
42389004870001,Laredo Petroleum Inc,2024,7,22,17,21,30
42389004870001,Laredo Petroleum Inc,2024,8,5,7,7,30
42389004870001,Laredo Petroleum Inc,2024,9,1,1,1,30
42389004870001,Laredo Petroleum Inc,2024,10,0,0,0,0
42389004880100,Cimarex Energy Company,2024,1,4681,7452,10774,30
42389004880100,Cimarex Energy Company,2024,2,3681,2348,6714,30
42389004880100,Cimarex Energy Company,2024,3,2318,2837,3451,30
42389004880100,Cimarex Energy Company,2024,4,1373,1162,1846,30
42389004880100,Cimarex Energy Company,2024,5,498,577,934,30
42389004880100,Cimarex Energy Company,2024,6,182,355,396,30
42389004880100,Cimarex Energy Company,2024,7,56,59,67,30
42389004880100,Cimarex Energy Company,2024,8,12,13,20,30
42389004880100,Cimarex Energy Company,2024,9,2,3,2,30
42389004880100,Cimarex Energy Company,2024,10,0,0,0,0
42389004890000,Apache Corporation,2024,1,4557,8116,1546,30
42389004890000,Apache Corporation,2024,2,3701,4644,5580,30
42389004890000,Apache Corporation,2024,3,2319,4032,1749,30
42389004890000,Apache Corporation,2024,4,1264,2372,1750,30
42389004890000,Apache Corporation,2024,5,510,585,56,30
42389004890000,Apache Corporation,2024,6,184,197,379,30
42389004890000,Apache Corporation,2024,7,47,45,68,30
42389004890000,Apache Corporation,2024,8,12,11,11,30
42389004890000,Apache Corporation,2024,9,2,2,3,30
42389004890000,Apache Corporation,2024,10,0,0,0,0
42389004900002,Permian Resources Operating LLC,2024,1,7960,5309,16025,30
42389004900002,Permian Resources Operating LLC,2024,2,6680,4529,1580,30
42389004900002,Permian Resources Operating LLC,2024,3,4365,6652,3484,30
42389004900002,Permian Resources Operating LLC,2024,4,2119,2748,1052,30
42389004900002,Permian Resources Operating LLC,2024,5,936,730,946,30
42389004900002,Permian Resources Operating LLC,2024,6,383,705,300,30
42389004900002,Permian Resources Operating LLC,2024,7,134,95,182,30
42389004900002,Permian Resources Operating LLC,2024,8,35,26,75,30
42389004900002,Permian Resources Operating LLC,2024,9,10,12,14,30
42389004900002,Permian Resources Operating LLC,2024,10,2,1,2,30
42389004910001,Apache Corporation,2024,1,8012,10848,18513,30
42389004910001,Apache Corporation,2024,2,6104,7581,11941,30
42389004910001,Apache Corporation,2024,3,3874,4493,4652,30
42389004910001,Apache Corporation,2024,4,1945,1861,2462,30
42389004910001,Apache Corporation,2024,5,909,923,1312,30
42389004910001,Apache Corporation,2024,6,322,640,304,30
42389004910001,Apache Corporation,2024,7,101,82,90,30
42389004910001,Apache Corporation,2024,8,23,19,11,30
42389004910001,Apache Corporation,2024,9,6,7,14,30
42389004910001,Apache Corporation,2024,10,1,1,2,30
42389004920000,Apache Corporation,2024,1,0,0,0,0
42389004920000,Apache Corporation,2024,2,0,0,0,0
42389004920000,Apache Corporation,2024,3,0,0,0,0
42389004920000,Apache Corporation,2024,4,0,0,0,0
42389004920000,Apache Corporation,2024,5,0,0,0,0
42389004920000,Apache Corporation,2024,6,0,0,0,0
42389004920000,Apache Corporation,2024,7,0,0,0,0
42389004920000,Apache Corporation,2024,8,0,0,0,0
42389004920000,Apache Corporation,2024,9,0,0,0,0
42389004920000,Apache Corporation,2024,10,0,0,0,0
42389004930001,SM Energy Company,2024,1,4357,3977,7501,30
42389004930001,SM Energy Company,2024,2,3635,6343,7959,30
42389004930001,SM Energy Company,2024,3,2535,3214,4545,30
42389004930001,SM Energy Company,2024,4,1644,1944,799,30
42389004930001,SM Energy Company,2024,5,806,872,887,30
42389004930001,SM Energy Company,2024,6,407,463,168,30
42389004930001,SM Energy Company,2024,7,142,197,269,30
42389004930001,SM Energy Company,2024,8,55,29,41,30
42389004930001,SM Energy Company,2024,9,16,24,15,30
42389004930001,SM Energy Company,2024,10,5,2,5,30
42389004940001,Parsley Energy Operations LLC,2024,1,3891,3684,6847,30
42389004940001,Parsley Energy Operations LLC,2024,2,3215,1877,2534,30
42389004940001,Parsley Energy Operations LLC,2024,3,2244,4391,5364,30
42389004940001,Parsley Energy Operations LLC,2024,4,1317,836,1651,30
42389004940001,Parsley Energy Operations LLC,2024,5,677,871,146,30
42389004940001,Parsley Energy Operations LLC,2024,6,303,303,177,30
42389004940001,Parsley Energy Operations LLC,2024,7,121,228,79,30
42389004940001,Parsley Energy Operations LLC,2024,8,40,61,82,30
42389004940001,Parsley Energy Operations LLC,2024,9,11,12,8,30
42389004940001,Parsley Energy Operations LLC,2024,10,2,3,3,30
42389004950000,Apache Corporation,2024,1,0,0,0,0
42389004950000,Apache Corporation,2024,2,0,0,0,0
42389004950000,Apache Corporation,2024,3,0,0,0,0
42389004950000,Apache Corporation,2024,4,0,0,0,0
42389004950000,Apache Corporation,2024,5,0,0,0,0
42389004950000,Apache Corporation,2024,6,0,0,0,0
42389004950000,Apache Corporation,2024,7,0,0,0,0
42389004950000,Apache Corporation,2024,8,0,0,0,0
42389004950000,Apache Corporation,2024,9,0,0,0,0
42389004950000,Apache Corporation,2024,10,0,0,0,0
42389004960002,ConocoPhillips Company,2024,1,5678,3406,7890,30
42389004960002,ConocoPhillips Company,2024,2,4938,9866,9395,30
42389004960002,ConocoPhillips Company,2024,3,3916,3496,6887,30
42389004960002,ConocoPhillips Company,2024,4,2224,1970,3706,30
42389004960002,ConocoPhillips Company,2024,5,1491,995,885,30
42389004960002,ConocoPhillips Company,2024,6,656,1239,1238,30
42389004960002,ConocoPhillips Company,2024,7,336,216,284,30
42389004960002,ConocoPhillips Company,2024,8,140,257,188,30
42389004960002,ConocoPhillips Company,2024,9,51,60,96,30
42389004960002,ConocoPhillips Company,2024,10,17,9,20,30
42389004970000,Marathon Oil Company,2024,1,3610,2963,1291,30
42389004970000,Marathon Oil Company,2024,2,2478,3370,5952,30
42389004970000,Marathon Oil Company,2024,3,1788,2951,4401,30
42389004970000,Marathon Oil Company,2024,4,1032,1054,1740,30
42389004970000,Marathon Oil Company,2024,5,438,625,776,30
42389004970000,Marathon Oil Company,2024,6,194,326,230,30
42389004970000,Marathon Oil Company,2024,7,62,37,32,30
42389004970000,Marathon Oil Company,2024,8,16,17,3,30
42389004970000,Marathon Oil Company,2024,9,4,6,3,30
42389004970000,Marathon Oil Company,2024,10,0,0,0,0
42389004980001,Diamondback E&P LLC,2024,1,4614,7590,7134,30
42389004980001,Diamondback E&P LLC,2024,2,3983,2680,6054,30
42389004980001,Diamondback E&P LLC,2024,3,2596,5116,3932,30
42389004980001,Diamondback E&P LLC,2024,4,1486,1655,3109,30
42389004980001,Diamondback E&P LLC,2024,5,825,1017,1966,30
42389004980001,Diamondback E&P LLC,2024,6,352,452,608,30
42389004980001,Diamondback E&P LLC,2024,7,150,177,239,30
42389004980001,Diamondback E&P LLC,2024,8,51,32,96,30
42389004980001,Diamondback E&P LLC,2024,9,16,30,24,30
42389004980001,Diamondback E&P LLC,2024,10,5,5,10,30
42389004990001,Matador Production Company,2024,1,4864,7670,4871,30
42389004990001,Matador Production Company,2024,2,3787,6066,3700,30
42389004990001,Matador Production Company,2024,3,2253,2304,2894,30
42389004990001,Matador Production Company,2024,4,1182,613,2352,30
42389004990001,Matador Production Company,2024,5,423,646,639,30
42389004990001,Matador Production Company,2024,6,143,214,219,30
42389004990001,Matador Production Company,2024,7,43,51,83,30
42389004990001,Matador Production Company,2024,8,10,7,22,30
42389004990001,Matador Production Company,2024,9,2,2,2,30
42389004990001,Matador Production Company,2024,10,0,0,0,0
42389005000001,Parsley Energy Operations LLC,2024,1,5752,11250,1023,30
42389005000001,Parsley Energy Operations LLC,2024,2,4573,8231,5893,30
42389005000001,Parsley Energy Operations LLC,2024,3,2755,2898,4910,30
42389005000001,Parsley Energy Operations LLC,2024,4,1323,1808,268,30
42389005000001,Parsley Energy Operations LLC,2024,5,561,565,198,30
42389005000001,Parsley Energy Operations LLC,2024,6,187,130,118,30
42389005000001,Parsley Energy Operations LLC,2024,7,48,53,6,30
42389005000001,Parsley Energy Operations LLC,2024,8,14,20,21,30
42389005000001,Parsley Energy Operations LLC,2024,9,3,2,6,30
42389005000001,Parsley Energy Operations LLC,2024,10,0,0,0,0
